#
# A fatal error has been detected by the Java Runtime Environment:
#
#  EXCEPTION_ACCESS_VIOLATION (0xc0000005) at pc=0x00007ffc29af1d4f, pid=19712, tid=1280
#
# JRE version: OpenJDK Runtime Environment Temurin-21.0.8+9 (21.0.8+9) (build 21.0.8+9-LTS)
# Java VM: OpenJDK 64-Bit Server VM Temurin-21.0.8+9 (21.0.8+9-LTS, mixed mode, sharing, tiered, compressed oops, compressed class ptrs, parallel gc, windows-amd64)
# Problematic frame:
# V  [jvm.dll+0x5b1d4f]
#
# No core dump will be written. Minidumps are not enabled by default on client versions of Windows
#
# If you would like to submit a bug report, please visit:
#   https://github.com/adoptium/adoptium-support/issues
#

---------------  S U M M A R Y ------------

Command Line: --add-modules=ALL-SYSTEM --add-opens=java.base/java.util=ALL-UNNAMED --add-opens=java.base/java.lang=ALL-UNNAMED --add-opens=java.base/sun.nio.fs=ALL-UNNAMED -Declipse.application=org.eclipse.jdt.ls.core.id1 -Dosgi.bundles.defaultStartLevel=4 -Declipse.product=org.eclipse.jdt.ls.core.product -Djava.import.generatesMetadataFilesAtProjectRoot=false -DDetectVMInstallationsJob.disabled=true -Dfile.encoding=utf8 -XX:+UseParallelGC -XX:GCTimeRatio=4 -XX:AdaptiveSizePolicyWeight=90 -Dsun.zip.disableMemoryMapping=true -Xmx2G -Xms100m -Xlog:disable -javaagent:c:\Users\Amen\.vscode\extensions\redhat.java-1.44.0-win32-x64\lombok\lombok-1.18.39-4050.jar -XX:+HeapDumpOnOutOfMemoryError -XX:HeapDumpPath=c:\Users\Amen\AppData\Roaming\Code\User\workspaceStorage\7008674b88c08343105e105653bc181d\redhat.java -Daether.dependencyCollector.impl=bf c:\Users\Amen\.vscode\extensions\redhat.java-1.44.0-win32-x64\server\plugins\org.eclipse.equinox.launcher_1.7.0.v20250519-0528.jar -configuration c:\Users\Amen\AppData\Roaming\Code\User\globalStorage\redhat.java\1.44.0\config_win -data c:\Users\Amen\AppData\Roaming\Code\User\workspaceStorage\7008674b88c08343105e105653bc181d\redhat.java\jdt_ws --pipe=\\.\pipe\lsp-da519a0a69f580e84356c2b4df4a46fc-sock

Host: 13th Gen Intel(R) Core(TM) i5-13500H, 16 cores, 15G,  Windows 11 , 64 bit Build 26100 (10.0.26100.4484)
Time: Wed Aug 13 14:04:13 2025 elapsed time: 4.335951 seconds (0d 0h 0m 4s)

---------------  T H R E A D  ---------------

Current thread (0x000001247485d240):  JavaThread "Worker-1: Repository registry initialization"        [_thread_in_vm, id=1280, stack(0x0000000febf00000,0x0000000fec000000) (1024K)]

Stack: [0x0000000febf00000,0x0000000fec000000],  sp=0x0000000febffc5b0,  free space=1009k
Native frames: (J=compiled Java code, j=interpreted, Vv=VM code, C=native code)
V  [jvm.dll+0x5b1d4f]
V  [jvm.dll+0x5b3437]
V  [jvm.dll+0x5b30af]
V  [jvm.dll+0x217fc1]
V  [jvm.dll+0x20cee7]
V  [jvm.dll+0x5b19dc]
V  [jvm.dll+0x827606]
V  [jvm.dll+0x4741b6]
V  [jvm.dll+0x47a088]
C  [java.dll+0x17ec]

Java frames: (J=compiled Java code, j=interpreted, Vv=VM code)
J 1209  java.lang.ClassLoader.defineClass1(Ljava/lang/ClassLoader;Ljava/lang/String;[BIILjava/security/ProtectionDomain;Ljava/lang/String;)Ljava/lang/Class; java.base@21.0.8 (0 bytes) @ 0x000001246012ef91 [0x000001246012eec0+0x00000000000000d1]
J 1984 c1 java.lang.ClassLoader.defineClass(Ljava/lang/String;[BIILjava/security/ProtectionDomain;)Ljava/lang/Class; java.base@21.0.8 (43 bytes) @ 0x00000124588d24fc [0x00000124588d21a0+0x000000000000035c]
J 3445 c1 org.eclipse.osgi.internal.loader.ModuleClassLoader.defineClass(Ljava/lang/String;[BLorg/eclipse/osgi/internal/loader/classpath/ClasspathEntry;)Lorg/eclipse/osgi/internal/loader/ModuleClassLoader$DefineClassResult; (67 bytes) @ 0x0000012458c1d73c [0x0000012458c1d420+0x000000000000031c]
J 3314 c1 org.eclipse.osgi.internal.loader.classpath.ClasspathManager.defineClass(Ljava/lang/String;[BLorg/eclipse/osgi/internal/loader/classpath/ClasspathEntry;Lorg/eclipse/osgi/storage/bundlefile/BundleEntry;Ljava/util/List;)Ljava/lang/Class; (636 bytes) @ 0x0000012458bd2de4 [0x0000012458bd1340+0x0000000000001aa4]
J 5746 c2 org.eclipse.osgi.internal.loader.classpath.ClasspathManager.findClassImpl(Ljava/lang/String;Lorg/eclipse/osgi/internal/loader/classpath/ClasspathEntry;Ljava/util/List;)Ljava/lang/Class; (343 bytes) @ 0x000001246039a610 [0x00000124603984c0+0x0000000000002150]
J 5324 c2 org.eclipse.osgi.internal.loader.classpath.ClasspathManager.findLocalClass(Ljava/lang/String;)Ljava/lang/Class; (210 bytes) @ 0x0000012460372c00 [0x0000012460371960+0x00000000000012a0]
J 2651 c1 org.eclipse.osgi.internal.loader.BundleLoader.findLocalClass(Ljava/lang/String;)Ljava/lang/Class; (166 bytes) @ 0x0000012458a4626c [0x0000012458a456c0+0x0000000000000bac]
J 5728 c2 org.eclipse.osgi.internal.loader.BundleLoader.findClass0(Ljava/lang/String;ZZ)Ljava/lang/Class; (491 bytes) @ 0x00000124603b89b4 [0x00000124603b78c0+0x00000000000010f4]
J 6257 c2 org.eclipse.osgi.internal.loader.ModuleClassLoader.loadClass(Ljava/lang/String;Z)Ljava/lang/Class; (36 bytes) @ 0x00000124603dc7fc [0x00000124603dc6c0+0x000000000000013c]
J 4427 c2 java.lang.ClassLoader.loadClass(Ljava/lang/String;)Ljava/lang/Class; java.base@21.0.8 (7 bytes) @ 0x0000012460297b6c [0x0000012460297b20+0x000000000000004c]
v  ~StubRoutines::call_stub 0x000001245f97100d
J 5140  java.lang.Class.getDeclaredMethods0(Z)[Ljava/lang/reflect/Method; java.base@21.0.8 (0 bytes) @ 0x0000012460314cf3 [0x0000012460314ca0+0x0000000000000053]
J 4267 c1 java.lang.Class.privateGetDeclaredMethods(Z)[Ljava/lang/reflect/Method; java.base@21.0.8 (64 bytes) @ 0x0000012458dfc13c [0x0000012458dfbfc0+0x000000000000017c]
J 5966 c1 java.lang.Class.getDeclaredMethods()[Ljava/lang/reflect/Method; java.base@21.0.8 (27 bytes) @ 0x00000124587f7e94 [0x00000124587f7d60+0x0000000000000134]
J 6108 c1 com.google.inject.internal.DeclaredMembers.getDeclaredMethods(Ljava/lang/Class;)[Ljava/lang/reflect/Method; (76 bytes) @ 0x00000124590ad5e4 [0x00000124590ad580+0x0000000000000064]
J 6116 c1 com.google.inject.spi.InjectionPoint.getInjectionPoints(Lcom/google/inject/TypeLiteral;ZLcom/google/inject/internal/Errors;)Ljava/util/Set; (491 bytes) @ 0x00000124590b2be4 [0x00000124590b1fa0+0x0000000000000c44]
J 6212 c1 com.google.inject.spi.InjectionPoint.forInstanceMethodsAndFields(Lcom/google/inject/TypeLiteral;)Ljava/util/Set; (40 bytes) @ 0x00000124590db554 [0x00000124590db3c0+0x0000000000000194]
j  org.eclipse.sisu.wire.DependencyAnalyzer.analyzeImplementation(Lcom/google/inject/TypeLiteral;Z)Ljava/lang/Boolean;+44
j  org.eclipse.sisu.wire.DependencyAnalyzer.visit(Lcom/google/inject/spi/UntargettedBinding;)Ljava/lang/Boolean;+11
j  org.eclipse.sisu.wire.DependencyAnalyzer.visit(Lcom/google/inject/spi/UntargettedBinding;)Ljava/lang/Object;+2
j  com.google.inject.internal.UntargettedBindingImpl.acceptTargetVisitor(Lcom/google/inject/spi/BindingTargetVisitor;)Ljava/lang/Object;+2
j  org.eclipse.sisu.wire.ElementAnalyzer.visit(Lcom/google/inject/Binding;)Ljava/lang/Void;+43
j  org.eclipse.sisu.wire.ElementAnalyzer.visit(Lcom/google/inject/Binding;)Ljava/lang/Object;+2
j  com.google.inject.internal.BindingImpl.acceptVisitor(Lcom/google/inject/spi/ElementVisitor;)Ljava/lang/Object;+2
j  org.eclipse.sisu.wire.WireModule.configure(Lcom/google/inject/Binder;)V+45
j  com.google.inject.spi.Elements$RecordingBinder.install(Lcom/google/inject/Module;)V+209
j  com.google.inject.spi.Elements.getElements(Lcom/google/inject/Stage;Ljava/lang/Iterable;)Ljava/util/List;+40
j  com.google.inject.internal.InjectorShell$Builder.build(Lcom/google/inject/internal/Initializer;Lcom/google/inject/internal/ProcessedBindingData;Lcom/google/inject/internal/util/ContinuousStopwatch;Lcom/google/inject/internal/Errors;)Ljava/util/List;+163
j  com.google.inject.internal.InternalInjectorCreator.build()Lcom/google/inject/Injector;+48
j  com.google.inject.Guice.createInjector(Lcom/google/inject/Stage;Ljava/lang/Iterable;)Lcom/google/inject/Injector;+15
j  com.google.inject.Guice.createInjector(Ljava/lang/Iterable;)Lcom/google/inject/Injector;+4
j  com.google.inject.Guice.createInjector([Lcom/google/inject/Module;)Lcom/google/inject/Injector;+4
j  org.codehaus.plexus.DefaultPlexusContainer.addPlexusInjector(Ljava/util/List;[Lcom/google/inject/Module;)Lcom/google/inject/Injector;+88
j  org.codehaus.plexus.DefaultPlexusContainer.<init>(Lorg/codehaus/plexus/ContainerConfiguration;[Lcom/google/inject/Module;)V+406
j  org.eclipse.m2e.core.internal.embedder.PlexusContainerManager.newPlexusContainer(Ljava/io/File;Lorg/codehaus/plexus/logging/LoggerManager;Lorg/eclipse/m2e/core/embedder/IMavenConfiguration;)Lorg/eclipse/m2e/core/internal/embedder/IMavenPlexusContainer;+241
j  org.eclipse.m2e.core.internal.embedder.PlexusContainerManager.aquire()Lorg/eclipse/m2e/core/internal/embedder/IMavenPlexusContainer;+28
j  org.eclipse.m2e.core.internal.embedder.MavenImpl.getPlexusContainer()Lorg/codehaus/plexus/PlexusContainer;+4
j  org.eclipse.m2e.core.internal.embedder.MavenImpl.lookup(Ljava/lang/Class;)Ljava/lang/Object;+40
j  org.eclipse.m2e.core.internal.embedder.MavenImpl$MavenSettings.getSettings()Lorg/apache/maven/settings/Settings;+220
j  org.eclipse.m2e.core.internal.embedder.MavenImpl.getSettings(Lorg/eclipse/m2e/core/embedder/MavenSettingsLocations;)Lorg/apache/maven/settings/Settings;+21
j  org.eclipse.m2e.core.internal.embedder.MavenImpl.getSettings()Lorg/apache/maven/settings/Settings;+10
j  org.eclipse.m2e.core.internal.repository.RepositoryRegistry.updateRegistry(Lorg/eclipse/core/runtime/IProgressMonitor;)V+4
j  org.eclipse.m2e.core.internal.repository.RepositoryRegistryUpdateJob.run(Lorg/eclipse/core/runtime/IProgressMonitor;)Lorg/eclipse/core/runtime/IStatus;+27
j  org.eclipse.core.internal.jobs.Worker.run()V+32
v  ~StubRoutines::call_stub 0x000001245f97100d

siginfo: EXCEPTION_ACCESS_VIOLATION (0xc0000005), reading address 0xffffffffffffffff


Registers:
RAX=0x0000000000000009, RBX=0x0000000000000000, RCX=0x4200012472547d48, RDX=0x0000012472548200
RSP=0x0000000febffc5b0, RBP=0x0000012479a73ad8, RSI=0x000001246db5a0b0, RDI=0x0000000febffc6f0
R8 =0x000000000000007b, R9 =0x0000000000000000, R10=0x000001247265a350, R11=0x000001247265b838
R12=0x0000000000000000, R13=0x0000012472548238, R14=0x0000012400486688, R15=0x0000012400000e90
RIP=0x00007ffc29af1d4f, EFLAGS=0x0000000000010246

XMM[0]=0x0000000000000000 0x0000000000000000
XMM[1]=0x0000000000000000 0x0000000000000000
XMM[2]=0x0000000000000000 0x0000000000000000
XMM[3]=0x0000000000000000 0x0000000000000000
XMM[4]=0x0000000000000000 0x0000000000000000
XMM[5]=0x0000000000000000 0x0000000000000000
XMM[6]=0xa8b648f37b1e4aab 0x1ccb11a160a20a98
XMM[7]=0xdb8b2b2e76a1926d 0x11478fb5bc600088
XMM[8]=0x05f1ea6cbd69ecf1 0x24b9ec704245fb4e
XMM[9]=0x723cfe2e723cfe2e 0x723cfe2e5705e4b7
XMM[10]=0x0000000000000000 0x00000000e4c8e689
XMM[11]=0x2a8997b42a8997b4 0x2a8997b4818f7c6b
XMM[12]=0x0000000000000000 0x000000005705e4b7
XMM[13]=0x0000000000000000 0x0000000000000000
XMM[14]=0x0000000000000000 0x0000000000000000
XMM[15]=0x0000000000000000 0x0000000000000000
  MXCSR=0x00001fa0


Register to memory mapping:

RAX=0x0000000000000009 is an unknown value
RBX=0x0 is null
RCX=0x4200012472547d48 is an unknown value
RDX=0x0000012472548200 is pointing into metadata
RSP=0x0000000febffc5b0 is pointing into the stack for thread: 0x000001247485d240
RBP=0x0000012479a73ad8 points into unknown readable memory: 0x7369000eb9d80002 | 02 00 d8 b9 0e 00 69 73
RSI=0x000001246db5a0b0 points into unknown readable memory: 0x0000001400000000 | 00 00 00 00 14 00 00 00
RDI=0x0000000febffc6f0 is pointing into the stack for thread: 0x000001247485d240
R8 =0x000000000000007b is an unknown value
R9 =0x0 is null
R10=0x000001247265a350 is pointing into metadata
R11={method} {0x000001247265b840} 'isCacheAnswers' '()Z' in 
[error occurred during error reporting (printing register info), id 0xc0000005, EXCEPTION_ACCESS_VIOLATION (0xc0000005) at pc=0x00007ffc29bc3ad4]
R12=0x0 is null
R13={method} {0x0000012472548240} 
[error occurred during error reporting (printing register info, attempt 2), id 0xc0000005, EXCEPTION_ACCESS_VIOLATION (0xc0000005) at pc=0x00007ffc29bc3a83]
R14=0x0000012400486688 is pointing into metadata
R15=0x0000012400000e90 is a pointer to class: 
java.lang.Object {0x0000012400000e98}
 - instance size:     2
 - klass size:        65
 - access:            public synchronized 
 - flags:             rewritten is_shared_boot_class has_vanilla_constructor has_final_method has_resolved_methods 
 - state:             fully_initialized
 - name:              'java/lang/Object'
 - super:             null
 - sub:               'org/apache/maven/model/profile/DefaultProfileActivationContext'   'org/apache/maven/model/building/ModelBuildingEventCatapult'   'org/apache/maven/model/building/ModelData'   'org/apache/maven/model/building/DefaultModelProblemCollector'   (5239 more klasses...)
 - arrays:            'java/lang/Object'[]
 - methods:           Array<T>(0x00000124006115c0)
 - method ordering:   Array<T>(0x0000012400611640)
 - local interfaces:  Array<T>(0x0000012400611630)
 - trans. interfaces: Array<T>(0x0000012400611630)
 - secondary supers: Array<T>(0x0000012400611180)
 - hash_slot:         6
 - bitmap:            0x0000000000000000
 - constants:         constant pool [124] {0x0000012400611198} for 'java/lang/Object' cache=0x0000012400476d10
 - class loader data:  loader data: 0x0000012453c46190 of 'bootstrap'
 - inner classes:     Array<T>(0x00000124006115b8)
 - nest members:     Array<T>(0x00000124006115b8)
 - permitted subclasses:     Array<T>(0x00000124006115b8)
 - java mirror:       a 'java/lang/Class'{0x0000000080000338} = 'java/lang/Object'
 - vtable length      5  (start addr: 0x0000012400001060)
 - itable length      2 (start addr: 0x0000012400001088)
 - ---- static fields (0 words):
 - ---- non-static fields (0 words):
 - non-static oop maps: 

Top of Stack: (sp=0x0000000febffc5b0)
0x0000000febffc5b0:   00007ffc2a16f150 00000124798955a0
0x0000000febffc5c0:   000001247485d240 000001246db5a218
0x0000000febffc5d0:   0000012400000001 00007ffc00000001
0x0000000febffc5e0:   0000000000000001 00007ffc2987fe64
0x0000000febffc5f0:   0000012400000e90 000001247265a350
0x0000000febffc600:   0000000febffc6f0 000001246db5a0b0
0x0000000febffc610:   0000000000000000 0000000000000000
0x0000000febffc620:   0000000000000000 00007ffc29af3437
0x0000000febffc630:   00000124014f0000 0000012479a73d18
0x0000000febffc640:   0000012472548168 000001247265a350
0x0000000febffc650:   0000000000000000 0000012400000e90
0x0000000febffc660:   0000000000000000 000001247265a970
0x0000000febffc670:   0000000000000001 00007ffc2974d606
0x0000000febffc680:   0000000000000000 0000000000000000
0x0000000febffc690:   0000000febffcaa8 000001246db59e30
0x0000000febffc6a0:   0000000febffcc48 00007ffc29af30af
0x0000000febffc6b0:   0000000000000000 0000012400000e90
0x0000000febffc6c0:   0000000000000014 000001247265a3b8
0x0000000febffc6d0:   0000000000000000 000001247265a348
0x0000000febffc6e0:   0000000000000000 00007ffc29bc2ce0
0x0000000febffc6f0:   0000001400000000 000001246db5a168
0x0000000febffc700:   0000000000000000 0000000000000001
0x0000000febffc710:   0000012474c945e0 0000000febffccc0
0x0000000febffc720:   000001246db59e30 0000000febffcc48
0x0000000febffc730:   00000000805cb7a8 000001247485d240
0x0000000febffc740:   0000000000000000 00007ffc29757fc1
0x0000000febffc750:   0000000febffcaa8 0000000febffcab0
0x0000000febffc760:   000001246db5a0b0 0000000febffc940
0x0000000febffc770:   000001247265a350 0000012400000021
0x0000000febffc780:   0000012474c90034 00000124798955c0
0x0000000febffc790:   0000012478d25b98 000001247265a340
0x0000000febffc7a0:   00000124798955a0 00007ffc29acbc28 

Instructions: (pc=0x00007ffc29af1d4f)
0x00007ffc29af1c4f:   85 c9 0f 8e aa 03 00 00 48 89 58 08 48 8b 9c 24
0x00007ffc29af1c5f:   a0 00 00 00 48 89 68 e8 4c 89 60 e0 44 0f b6 a4
0x00007ffc29af1c6f:   24 b0 00 00 00 4c 89 68 d8 4c 89 70 d0 4c 89 78
0x00007ffc29af1c7f:   c8 49 8d 40 08 48 89 84 24 90 00 00 00 0f 1f 40
0x00007ffc29af1c8f:   00 48 63 0f 33 d2 4c 8b 28 85 c9 7e 7b 49 8b 5d
0x00007ffc29af1c9f:   08 4c 8b d1 4c 8b 47 08 4c 8b 5b 08 0f b7 43 24
0x00007ffc29af1caf:   49 8b 6c c3 48 0f 1f 40 00 0f 1f 84 00 00 00 00
0x00007ffc29af1cbf:   00 49 8b 00 48 8b 48 08 4c 8b 49 08 0f b7 41 24
0x00007ffc29af1ccf:   49 3b 6c c1 48 75 18 0f b7 41 26 0f b7 4b 26 49
0x00007ffc29af1cdf:   8b 44 c1 48 49 39 44 cb 48 0f 84 ba 02 00 00 48
0x00007ffc29af1cef:   ff c2 49 83 c0 08 49 3b d2 7c c6 48 8b 84 24 90
0x00007ffc29af1cff:   00 00 00 4c 8b 4c 24 30 48 8b 9c 24 a0 00 00 00
0x00007ffc29af1d0f:   4c 8b 94 24 98 00 00 00 41 f6 45 28 0a 0f 85 93
0x00007ffc29af1d1f:   02 00 00 49 8b 55 08 8b 42 1c c1 e8 06 a8 01 0f
0x00007ffc29af1d2f:   85 79 02 00 00 48 8b 4a 08 45 33 c9 0f b7 42 24
0x00007ffc29af1d3f:   c7 44 24 28 01 00 00 00 c7 44 24 20 01 00 00 00
0x00007ffc29af1d4f:   48 8b 6c c1 48 0f b7 42 26 48 8b d5 4c 8b 74 c1
0x00007ffc29af1d5f:   48 49 8b ca 4d 8b c6 e8 e5 27 e1 ff 48 85 c0 0f
0x00007ffc29af1d6f:   85 34 02 00 00 48 85 db 74 17 4d 8b c6 48 8b d5
0x00007ffc29af1d7f:   48 8b cb e8 39 29 e1 ff 48 85 c0 0f 85 18 02 00
0x00007ffc29af1d8f:   00 48 8b 9c 24 a8 00 00 00 48 83 fb 00 74 4a 66
0x00007ffc29af1d9f:   90 c7 44 24 28 01 00 00 00 45 33 c9 4d 8b c6 c7
0x00007ffc29af1daf:   44 24 20 01 00 00 00 48 8b d5 48 8b cb e8 4f 27
0x00007ffc29af1dbf:   e1 ff 48 85 c0 74 19 45 84 e4 0f 84 d9 01 00 00
0x00007ffc29af1dcf:   48 8b c8 e8 09 46 27 00 84 c0 0f 84 c9 01 00 00
0x00007ffc29af1ddf:   48 8b 5b 78 48 85 db 75 b8 49 8b 4d 08 45 33 c9
0x00007ffc29af1def:   48 8b 51 08 0f b7 41 26 4c 8b 44 c2 48 0f b7 41
0x00007ffc29af1dff:   24 48 8b 8c 24 a8 00 00 00 48 8b 54 c2 48 e8 7e
0x00007ffc29af1e0f:   4c e1 ff 48 85 c0 0f 85 c4 00 00 00 8b 0f 3b 4f
0x00007ffc29af1e1f:   04 0f 85 a9 00 00 00 8d 41 01 85 c0 7e 04 85 c1
0x00007ffc29af1e2f:   74 0c 0f bd c8 b8 01 00 00 00 ff c1 d3 e0 4c 8b
0x00007ffc29af1e3f:   47 10 ba 08 00 00 00 89 47 04 8b c8 4d 85 c0 75 


Stack slot to memory mapping:

stack at sp + 0 slots: 0x00007ffc2a16f150 jvm.dll
stack at sp + 1 slots: 0x00000124798955a0 points into unknown readable memory: 0x00000000805cf760 | 60 f7 5c 80 00 00 00 00
stack at sp + 2 slots: 0x000001247485d240 is a thread
stack at sp + 3 slots: 0x000001246db5a218 points into unknown readable memory: 0x88000b000e056c57 | 57 6c 05 0e 00 0b 00 88
stack at sp + 4 slots: 0x0000012400000001 is pointing into metadata
stack at sp + 5 slots: 0x00007ffc00000001 is an unknown value
stack at sp + 6 slots: 0x0000000000000001 is an unknown value
stack at sp + 7 slots: 0x00007ffc2987fe64 jvm.dll


Compiled method (n/a) 4359 1209     n 0       java.lang.ClassLoader::defineClass1 (native)
 total in heap  [0x000001246012ed10,0x000001246012f198] = 1160
 relocation     [0x000001246012ee70,0x000001246012eea8] = 56
 main code      [0x000001246012eec0,0x000001246012f196] = 726
 stub code      [0x000001246012f196,0x000001246012f198] = 2

[Constant Pool (empty)]

[MachCode]
[Entry Point]
  # {method} {0x0000012400436e28} 'defineClass1' '(Ljava/lang/ClassLoader;Ljava/lang/String;[BIILjava/security/ProtectionDomain;Ljava/lang/String;)Ljava/lang/Class;' in 'java/lang/ClassLoader'
  # parm0:    rdx:rdx   = 'java/lang/ClassLoader'
  # parm1:    r8:r8     = 'java/lang/String'
  # parm2:    r9:r9     = '[B'
  # parm3:    rdi       = int
  # parm4:    rsi       = int
  # parm5:    rcx:rcx   = 'java/security/ProtectionDomain'
  # parm6:    [sp+0xa0]   = 'java/lang/String'  (sp of caller)
  0x000001246012eec0: 448b 5208 | 49bb 0000 | 0000 2401 | 0000 4d03 | d349 3bc2 | 0f84 0600 

  0x000001246012eed8: ;   {runtime_call ic_miss_stub}
  0x000001246012eed8: 0000 e9a1 | f588 ff90 
[Verified Entry Point]
  0x000001246012eee0: 8984 2400 | 80ff ff55 | 488b ec48 | 81ec 9000 | 0000 6690 | 4181 7f20 | 0300 0000 

  0x000001246012eefc: ;   {runtime_call StubRoutines (final stubs)}
  0x000001246012eefc: 7405 e8dd | 9a87 ff48 | 837d 1000 | 488d 4510 | 480f 4445 | 1048 8944 | 2440 4889 | 4c24 7048 
  0x000001246012ef1c: 83f9 0048 | 8d44 2470 | 480f 4444 | 2470 4889 | 4424 3848 | 8974 2430 | 4889 7c24 | 284c 894c 
  0x000001246012ef3c: 2458 4983 | f900 488d | 4424 5848 | 0f44 4424 | 5848 8944 | 2420 4c89 | 4424 5049 | 83f8 004c 
  0x000001246012ef5c: 8d4c 2450 | 4c0f 444c | 2450 4889 | 5424 4848 | 83fa 004c | 8d44 2448 | 4c0f 4444 

  0x000001246012ef78: ;   {oop(a 'java/lang/Class'{0x0000000080000b20} = 'java/lang/ClassLoader')}
  0x000001246012ef78: 2448 49be | 200b 0080 | 0000 0000 | 4c89 7424 | 784c 8d74 | 2478 498b | d6c5 f877 

  0x000001246012ef94: ;   {internal_word}
  0x000001246012ef94: 49ba 91ef | 1260 2401 | 0000 4d89 | 97a0 0300 | 0049 89a7 | 9803 0000 

  0x000001246012efac: ;   {external_word}
  0x000001246012efac: 49ba 56cc | 1d2a fc7f | 0000 4180 | 3a00 0f84 | 4e00 0000 | 5241 5041 

  0x000001246012efc4: ;   {metadata({method} {0x0000012400436e28} 'defineClass1' '(Ljava/lang/ClassLoader;Ljava/lang/String;[BIILjava/security/ProtectionDomain;Ljava/lang/String;)Ljava/lang/Class;' in 'java/lang/ClassLoader')}
  0x000001246012efc4: 5148 ba20 | 6e43 0024 | 0100 0049 | 8bcf 4883 | ec20 40f6 | c40f 0f84 | 1900 0000 | 4883 ec08 
  0x000001246012efe4: ;   {runtime_call}
  0x000001246012efe4: 48b8 908d | c729 fc7f | 0000 ffd0 | 4883 c408 | e90c 0000 

  0x000001246012eff8: ;   {runtime_call}
  0x000001246012eff8: 0048 b890 | 8dc7 29fc | 7f00 00ff | d048 83c4 | 2041 5941 | 585a 498d | 8fb8 0300 | 0041 c787 
  0x000001246012f018: 4404 0000 | 0400 0000 

  0x000001246012f020: ;   {runtime_call}
  0x000001246012f020: 48b8 ac16 | b27f fc7f | 0000 ffd0 | c5f8 7741 | c787 4404 | 0000 0500 | 0000 f083 | 4424 c000 
  0x000001246012f040: 493b af48 | 0400 000f | 870e 0000 | 0041 83bf | 4004 0000 | 000f 842b | 0000 00c5 | f877 4889 
  0x000001246012f060: 45f8 498b | cf4c 8be4 | 4883 ec20 | 4883 e4f0 

  0x000001246012f070: ;   {runtime_call}
  0x000001246012f070: 48b8 20fa | 9229 fc7f | 0000 ffd0 | 498b e44d | 33e4 488b | 45f8 41c7 | 8744 0400 | 0008 0000 
  0x000001246012f090: 0041 83bf | c004 0000 | 020f 84ca 

  0x000001246012f09c: ;   {external_word}
  0x000001246012f09c: 0000 0049 | ba56 cc1d | 2afc 7f00 | 0041 803a | 000f 844c | 0000 0048 

  0x000001246012f0b4: ;   {metadata({method} {0x0000012400436e28} 'defineClass1' '(Ljava/lang/ClassLoader;Ljava/lang/String;[BIILjava/security/ProtectionDomain;Ljava/lang/String;)Ljava/lang/Class;' in 'java/lang/ClassLoader')}
  0x000001246012f0b4: 8945 f848 | ba20 6e43 | 0024 0100 | 0049 8bcf | 4883 ec20 | 40f6 c40f | 0f84 1900 | 0000 4883 
  0x000001246012f0d4: ;   {runtime_call}
  0x000001246012f0d4: ec08 48b8 | 908d c729 | fc7f 0000 | ffd0 4883 | c408 e90c 

  0x000001246012f0e8: ;   {runtime_call}
  0x000001246012f0e8: 0000 0048 | b890 8dc7 | 29fc 7f00 | 00ff d048 | 83c4 2048 | 8b45 f849 | c787 9803 | 0000 0000 
  0x000001246012f108: 0000 49c7 | 87a0 0300 | 0000 0000 | 00c5 f877 | 4885 c00f | 8425 0000 | 00a8 030f | 8508 0000 
  0x000001246012f128: 0048 8b00 | e915 0000 | 00a8 010f | 8509 0000 | 0048 8b40 | fee9 0400 | 0000 488b | 40ff 498b 
  0x000001246012f148: 8f28 0400 | 00c7 8100 | 0100 0000 | 0000 00c9 | 4983 7f08 | 000f 8501 | 0000 00c3 

  0x000001246012f164: ;   {runtime_call StubRoutines (initial stubs)}
  0x000001246012f164: e997 1d84 | ffc5 f877 | 4889 45f8 | 4c8b e448 | 83ec 2048 

  0x000001246012f178: ;   {runtime_call}
  0x000001246012f178: 83e4 f048 | b830 c5c7 | 29fc 7f00 | 00ff d049 | 8be4 4d33 | e448 8b45 | f8e9 09ff | ffff f4f4 
[/MachCode]


Compiled method (c1) 4363 1984       3       java.lang.ClassLoader::defineClass (43 bytes)
 total in heap  [0x00000124588d1f90,0x00000124588d28f0] = 2400
 relocation     [0x00000124588d20f0,0x00000124588d2190] = 160
 main code      [0x00000124588d21a0,0x00000124588d2640] = 1184
 stub code      [0x00000124588d2640,0x00000124588d26b8] = 120
 metadata       [0x00000124588d26b8,0x00000124588d26e8] = 48
 scopes data    [0x00000124588d26e8,0x00000124588d27d8] = 240
 scopes pcs     [0x00000124588d27d8,0x00000124588d28b8] = 224
 dependencies   [0x00000124588d28b8,0x00000124588d28c8] = 16
 nul chk table  [0x00000124588d28c8,0x00000124588d28f0] = 40

[Constant Pool (empty)]

[MachCode]
[Entry Point]
  # {method} {0x00000124004371a8} 'defineClass' '(Ljava/lang/String;[BIILjava/security/ProtectionDomain;)Ljava/lang/Class;' in 'java/lang/ClassLoader'
  # this:     rdx:rdx   = 'java/lang/ClassLoader'
  # parm0:    r8:r8     = 'java/lang/String'
  # parm1:    r9:r9     = '[B'
  # parm2:    rdi       = int
  # parm3:    rsi       = int
  # parm4:    rcx:rcx   = 'java/security/ProtectionDomain'
  #           [sp+0xc0]  (sp of caller)
  0x00000124588d21a0: 448b 5208 | 49bb 0000 | 0000 2401 | 0000 4d03 | d34c 3bd0 

  0x00000124588d21b4: ;   {runtime_call ic_miss_stub}
  0x00000124588d21b4: 0f85 c6c2 | 0e07 660f | 1f44 0000 
[Verified Entry Point]
  0x00000124588d21c0: 8984 2400 | 80ff ff55 | 4881 ecb0 | 0000 0090 | 4181 7f20 | 0300 0000 

  0x00000124588d21d8: ;   {runtime_call StubRoutines (final stubs)}
  0x00000124588d21d8: 7405 e801 | 680d 0748 | 8954 2478 

  0x00000124588d21e4: ;   {metadata(method data for {method} {0x00000124004371a8} 'defineClass' '(Ljava/lang/String;[BIILjava/security/ProtectionDomain;)Ljava/lang/Class;' in 'java/lang/ClassLoader')}
  0x00000124588d21e4: 48bb e86b | 3770 2401 | 0000 8b83 | cc00 0000 | 83c0 0289 | 83cc 0000 | 0025 fe07 | 0000 85c0 
  0x00000124588d2204: 0f84 5803 | 0000 89b4 | 2494 0000 | 0089 bc24 | 9000 0000 | 4c89 8c24 | 8800 0000 

  0x00000124588d2220: ;   {metadata(method data for {method} {0x00000124004371a8} 'defineClass' '(Ljava/lang/String;[BIILjava/security/ProtectionDomain;)Ljava/lang/Class;' in 'java/lang/ClassLoader')}
  0x00000124588d2220: 488b da48 | b8e8 6b37 | 7024 0100 | 0048 8380 | 1001 0000 | 0149 8bd8 | 4c8b c34c | 8bc9 488b 
  0x00000124588d2240: ca48 8bd1 | 4889 9c24 | 8000 0000 

  0x00000124588d224c: ;   {optimized virtual_call}
  0x00000124588d224c: 6666 90e8 

  0x00000124588d2250: ; ImmutableOopMap {[120]=Oop [128]=Oop [136]=Oop }
                      ;*invokevirtual preDefineClass {reexecute=0 rethrow=0 return_oop=0}
                      ; - java.lang.ClassLoader::defineClass@4
  0x00000124588d2250: 4cab ecff 

  0x00000124588d2254: ;   {other}
  0x00000124588d2254: 0f1f 8400 | c402 0000 | 4889 8424 | 9800 0000 | 488b 5424 

  0x00000124588d2268: ;   {metadata(method data for {method} {0x00000124004371a8} 'defineClass' '(Ljava/lang/String;[BIILjava/security/ProtectionDomain;)Ljava/lang/Class;' in 'java/lang/ClassLoader')}
  0x00000124588d2268: 7849 b8e8 | 6b37 7024 | 0100 0049 | 8380 4801 

  0x00000124588d2278: ;   {metadata(method data for {method} {0x0000012400436e90} 'defineClassSourceLocation' '(Ljava/security/ProtectionDomain;)Ljava/lang/String;' in 'java/lang/ClassLoader')}
  0x00000124588d2278: 0000 0149 | b800 7337 | 7024 0100 | 0041 8b90 | cc00 0000 | 83c2 0241 | 8990 cc00 | 0000 81e2 
  0x00000124588d2298: feff 1f00 | 85d2 0f84 | df02 0000 

  0x00000124588d22a4: ; implicit exception: dispatches to 0x00000124588d25a4
  0x00000124588d22a4: 483b 004c 

  0x00000124588d22a8: ;   {metadata(method data for {method} {0x0000012400436e90} 'defineClassSourceLocation' '(Ljava/security/ProtectionDomain;)Ljava/lang/String;' in 'java/lang/ClassLoader')}
  0x00000124588d22a8: 8bc0 48ba | 0073 3770 | 2401 0000 | 4883 8210 | 0100 0001 | 448b 4010 

  0x00000124588d22c0: ;   {metadata(method data for {method} {0x0000012400436e90} 'defineClassSourceLocation' '(Ljava/security/ProtectionDomain;)Ljava/lang/String;' in 'java/lang/ClassLoader')}
  0x00000124588d22c0: 4d85 c048 | ba00 7337 | 7024 0100 | 0048 c7c6 | 5801 0000 | 7507 48c7 | c648 0100 | 0048 8b3c 
  0x00000124588d22e0: 3248 8d7f | 0148 893c | 320f 850f 

  0x00000124588d22ec: ;   {oop(nullptr)}
  0x00000124588d22ec: 0000 0048 | bb00 0000 | 0000 0000 | 00e9 a901 | 0000 493b | 0049 8bd0 

  0x00000124588d2304: ;   {metadata(method data for {method} {0x0000012400436e90} 'defineClassSourceLocation' '(Ljava/security/ProtectionDomain;)Ljava/lang/String;' in 'java/lang/ClassLoader')}
  0x00000124588d2304: 48be 0073 | 3770 2401 | 0000 4883 | 8668 0100 | 0001 418b | 500c 4885 

  0x00000124588d231c: ;   {metadata(method data for {method} {0x0000012400436e90} 'defineClassSourceLocation' '(Ljava/security/ProtectionDomain;)Ljava/lang/String;' in 'java/lang/ClassLoader')}
  0x00000124588d231c: d248 be00 | 7337 7024 | 0100 0048 | c7c7 b001 | 0000 7507 | 48c7 c7a0 | 0100 0048 | 8b1c 3e48 
  0x00000124588d233c: 8d5b 0148 | 891c 3e0f | 850f 0000 

  0x00000124588d2348: ;   {oop(nullptr)}
  0x00000124588d2348: 0048 bb00 | 0000 0000 | 0000 00e9 | 4f01 0000 

  0x00000124588d2358: ;   {metadata(method data for {method} {0x0000012400436e90} 'defineClassSourceLocation' '(Ljava/security/ProtectionDomain;)Ljava/lang/String;' in 'java/lang/ClassLoader')}
  0x00000124588d2358: 48be 0073 | 3770 2401 | 0000 4883 | 86c0 0100 | 0001 483b | 024c 8bc2 

  0x00000124588d2370: ;   {metadata(method data for {method} {0x0000012400436e90} 'defineClassSourceLocation' '(Ljava/security/ProtectionDomain;)Ljava/lang/String;' in 'java/lang/ClassLoader')}
  0x00000124588d2370: 48be 0073 | 3770 2401 | 0000 4883 | 86f8 0100 

  0x00000124588d2380: ;   {metadata(method data for {method} {0x000001240001ade8} 'toString' '()Ljava/lang/String;' in 'java/net/URL')}
  0x00000124588d2380: 0001 49b8 | d066 3770 | 2401 0000 | 418b b0cc | 0000 0083 | c602 4189 | b0cc 0000 | 0081 e6fe 
  0x00000124588d23a0: ff1f 0085 | f60f 8408 | 0200 004c 

  0x00000124588d23ac: ;   {metadata(method data for {method} {0x000001240001ade8} 'toString' '()Ljava/lang/String;' in 'java/net/URL')}
  0x00000124588d23ac: 8bc2 48be | d066 3770 | 2401 0000 | 4883 8610 | 0100 0001 

  0x00000124588d23c0: ;   {metadata(method data for {method} {0x000001240042aa30} 'toExternalForm' '()Ljava/lang/String;' in 'java/net/URL')}
  0x00000124588d23c0: 49b8 88fc | 3670 2401 | 0000 418b | b0cc 0000 | 0083 c602 | 4189 b0cc | 0000 0081 | e6fe ff1f 
  0x00000124588d23e0: 0085 f60f | 84eb 0100 | 008b 7238 

  0x00000124588d23ec: ; implicit exception: dispatches to 0x00000124588d25f5
  0x00000124588d23ec: 483b 064c 

  0x00000124588d23f0: ;   {metadata(method data for {method} {0x000001240042aa30} 'toExternalForm' '()Ljava/lang/String;' in 'java/net/URL')}
  0x00000124588d23f0: 8bc6 48bf | 88fc 3670 | 2401 0000 | 458b 4008 | 49ba 0000 | 0000 2401 | 0000 4d03 | c24c 3b87 
  0x00000124588d2410: 2001 0000 | 750d 4883 | 8728 0100 | 0001 e960 | 0000 004c | 3b87 3001 | 0000 750d | 4883 8738 
  0x00000124588d2430: 0100 0001 | e94a 0000 | 0048 83bf | 2001 0000 | 0075 174c | 8987 2001 | 0000 48c7 | 8728 0100 
  0x00000124588d2450: 0001 0000 | 00e9 2900 | 0000 4883 | bf30 0100 | 0000 7517 | 4c89 8730 | 0100 0048 | c787 3801 
  0x00000124588d2470: 0000 0100 | 0000 e908 | 0000 0048 | 8387 1001 | 0000 014c | 8bc2 488b | d60f 1f40 | 0048 b8ff 
  0x00000124588d2490: ffff ffff 

  0x00000124588d2494: ;   {virtual_call}
  0x00000124588d2494: ffff ffe8 

  0x00000124588d2498: ; ImmutableOopMap {[120]=Oop [128]=Oop [136]=Oop [152]=Oop }
                      ;*invokevirtual toExternalForm {reexecute=0 rethrow=0 return_oop=0}
                      ; - java.net.URL::toExternalForm@5
                      ; - java.net.URL::toString@1
                      ; - java.lang.ClassLoader::defineClassSourceLocation@22
                      ; - java.lang.ClassLoader::defineClass@12
  0x00000124588d2498: 2470 1a07 

  0x00000124588d249c: ;   {other}
  0x00000124588d249c: 0f1f 8400 | 0c05 0001 | 488b d848 | 8b84 2498 | 0000 008b | b424 9400 | 0000 8bbc | 2490 0000 
  0x00000124588d24bc: 004c 8b8c | 2488 0000 | 004c 8b84 | 2480 0000 | 0048 8b54 

  0x00000124588d24d0: ;   {metadata(method data for {method} {0x00000124004371a8} 'defineClass' '(Ljava/lang/String;[BIILjava/security/ProtectionDomain;)Ljava/lang/Class;' in 'java/lang/ClassLoader')}
  0x00000124588d24d0: 2478 48b9 | e86b 3770 | 2401 0000 | 4883 8180 | 0100 0001 | 4c8b da49 | 8bd3 488b | c848 891c 
  0x00000124588d24f0: 2466 0f1f 

  0x00000124588d24f4: ;   {static_call}
  0x00000124588d24f4: 4400 00e8 

  0x00000124588d24f8: ; ImmutableOopMap {[120]=Oop [152]=Oop }
                      ;*invokestatic defineClass1 {reexecute=0 rethrow=0 return_oop=0}
                      ; - java.lang.ClassLoader::defineClass@27
  0x00000124588d24f8: e4c9 8507 

  0x00000124588d24fc: ;   {other}
  0x00000124588d24fc: 0f1f 8400 | 6c05 0002 | 488b 5424 

  0x00000124588d2508: ;   {metadata(method data for {method} {0x00000124004371a8} 'defineClass' '(Ljava/lang/String;[BIILjava/security/ProtectionDomain;)Ljava/lang/Class;' in 'java/lang/ClassLoader')}
  0x00000124588d2508: 7849 b8e8 | 6b37 7024 | 0100 0049 | 8380 9001 | 0000 014c | 8bc0 4c8b | 8c24 9800 | 0000 488b 
  0x00000124588d2528: 5424 7848 | 8984 24a0 | 0000 000f 

  0x00000124588d2534: ;   {optimized virtual_call}
  0x00000124588d2534: 1f40 00e8 

  0x00000124588d2538: ; ImmutableOopMap {[160]=Oop }
                      ;*invokevirtual postDefineClass {reexecute=0 rethrow=0 return_oop=0}
                      ; - java.lang.ClassLoader::defineClass@37
  0x00000124588d2538: e48b f8ff 

  0x00000124588d253c: ;   {other}
  0x00000124588d253c: 0f1f 8400 | ac05 0003 | 488b 8424 | a000 0000 | 4881 c4b0 | 0000 005d 

  0x00000124588d2554: ;   {poll_return}
  0x00000124588d2554: 493b a748 | 0400 000f | 8799 0000 

  0x00000124588d2560: ;   {metadata({method} {0x00000124004371a8} 'defineClass' '(Ljava/lang/String;[BIILjava/security/ProtectionDomain;)Ljava/lang/Class;' in 'java/lang/ClassLoader')}
  0x00000124588d2560: 00c3 49ba | a071 4300 | 2401 0000 | 4c89 5424 | 0848 c704 | 24ff ffff 

  0x00000124588d2578: ;   {runtime_call counter_overflow Runtime1 stub}
  0x00000124588d2578: ffe8 821b 

  0x00000124588d257c: ; ImmutableOopMap {rdx=Oop r8=Oop r9=Oop rcx=Oop [120]=Oop }
                      ;*synchronization entry
                      ; - java.lang.ClassLoader::defineClass@-1
  0x00000124588d257c: 1a07 e987 

  0x00000124588d2580: ;   {metadata({method} {0x0000012400436e90} 'defineClassSourceLocation' '(Ljava/security/ProtectionDomain;)Ljava/lang/String;' in 'java/lang/ClassLoader')}
  0x00000124588d2580: fcff ff49 | ba88 6e43 | 0024 0100 | 004c 8954 | 2408 48c7 | 0424 ffff 

  0x00000124588d2598: ;   {runtime_call counter_overflow Runtime1 stub}
  0x00000124588d2598: ffff e861 

  0x00000124588d259c: ; ImmutableOopMap {rax=Oop [120]=Oop [128]=Oop [136]=Oop [152]=Oop }
                      ;*synchronization entry
                      ; - java.lang.ClassLoader::defineClassSourceLocation@-1
                      ; - java.lang.ClassLoader::defineClass@12
  0x00000124588d259c: 1b1a 07e9 | 00fd ffff 

  0x00000124588d25a4: ;   {runtime_call throw_null_pointer_exception Runtime1 stub}
  0x00000124588d25a4: e857 b219 

  0x00000124588d25a8: ; ImmutableOopMap {rax=Oop [120]=Oop [128]=Oop [136]=Oop [152]=Oop }
                      ;*invokevirtual getCodeSource {reexecute=0 rethrow=0 return_oop=0}
                      ; - java.lang.ClassLoader::defineClassSourceLocation@1
                      ; - java.lang.ClassLoader::defineClass@12
                      ;   {runtime_call throw_null_pointer_exception Runtime1 stub}
  0x00000124588d25a8: 07e8 52b2 

  0x00000124588d25ac: ; ImmutableOopMap {rax=Oop r8=Oop [120]=Oop [128]=Oop [136]=Oop [152]=Oop }
                      ;*invokevirtual getLocation {reexecute=0 rethrow=0 return_oop=0}
                      ; - java.lang.ClassLoader::defineClassSourceLocation@12
                      ; - java.lang.ClassLoader::defineClass@12
                      ;   {runtime_call throw_null_pointer_exception Runtime1 stub}
  0x00000124588d25ac: 1907 e84d 

  0x00000124588d25b0: ; ImmutableOopMap {rdx=Oop [120]=Oop [128]=Oop [136]=Oop [152]=Oop }
                      ;*invokevirtual toString {reexecute=0 rethrow=0 return_oop=0}
                      ; - java.lang.ClassLoader::defineClassSourceLocation@22
                      ; - java.lang.ClassLoader::defineClass@12
                      ;   {metadata({method} {0x000001240001ade8} 'toString' '()Ljava/lang/String;' in 'java/net/URL')}
  0x00000124588d25b0: b219 0749 | bae0 ad01 | 0024 0100 | 004c 8954 | 2408 48c7 | 0424 ffff 

  0x00000124588d25c8: ;   {runtime_call counter_overflow Runtime1 stub}
  0x00000124588d25c8: ffff e831 

  0x00000124588d25cc: ; ImmutableOopMap {rdx=Oop [120]=Oop [128]=Oop [136]=Oop [152]=Oop }
                      ;*synchronization entry
                      ; - java.net.URL::toString@-1
                      ; - java.lang.ClassLoader::defineClassSourceLocation@22
                      ; - java.lang.ClassLoader::defineClass@12
  0x00000124588d25cc: 1b1a 07e9 | d7fd ffff 

  0x00000124588d25d4: ;   {metadata({method} {0x000001240042aa30} 'toExternalForm' '()Ljava/lang/String;' in 'java/net/URL')}
  0x00000124588d25d4: 49ba 28aa | 4200 2401 | 0000 4c89 | 5424 0848 | c704 24ff 

  0x00000124588d25e8: ;   {runtime_call counter_overflow Runtime1 stub}
  0x00000124588d25e8: ffff ffe8 

  0x00000124588d25ec: ; ImmutableOopMap {rdx=Oop [120]=Oop [128]=Oop [136]=Oop [152]=Oop }
                      ;*synchronization entry
                      ; - java.net.URL::toExternalForm@-1
                      ; - java.net.URL::toString@1
                      ; - java.lang.ClassLoader::defineClassSourceLocation@22
                      ; - java.lang.ClassLoader::defineClass@12
  0x00000124588d25ec: 101b 1a07 | e9f4 fdff 

  0x00000124588d25f4: ;   {runtime_call throw_null_pointer_exception Runtime1 stub}
  0x00000124588d25f4: ffe8 06b2 

  0x00000124588d25f8: ; ImmutableOopMap {rdx=Oop rsi=Oop [120]=Oop [128]=Oop [136]=Oop [152]=Oop }
                      ;*invokevirtual toExternalForm {reexecute=0 rethrow=0 return_oop=0}
                      ; - java.net.URL::toExternalForm@5
                      ; - java.net.URL::toString@1
                      ; - java.lang.ClassLoader::defineClassSourceLocation@22
                      ; - java.lang.ClassLoader::defineClass@12
                      ;   {internal_word}
  0x00000124588d25f8: 1907 49ba | 5425 8d58 | 2401 0000 | 4d89 9760 

  0x00000124588d2608: ;   {runtime_call SafepointBlob}
  0x00000124588d2608: 0400 00e9 | f024 0f07 | 498b 87f8 | 0400 0049 | c787 f804 | 0000 0000 | 0000 49c7 | 8700 0500 
  0x00000124588d2628: 0000 0000 | 0048 81c4 | b000 0000 

  0x00000124588d2634: ;   {runtime_call unwind_exception Runtime1 stub}
  0x00000124588d2634: 5de9 c69c | 1907 f4f4 | f4f4 f4f4 
[Stub Code]
  0x00000124588d2640: ;   {no_reloc}
  0x00000124588d2640: 0f1f 4400 

  0x00000124588d2644: ;   {static_stub}
  0x00000124588d2644: 0048 bb00 | 0000 0000 

  0x00000124588d264c: ;   {runtime_call nmethod}
  0x00000124588d264c: 0000 00e9 | fbff ffff 

  0x00000124588d2654: ;   {static_stub}
  0x00000124588d2654: 48bb 0000 | 0000 0000 

  0x00000124588d265c: ;   {runtime_call nmethod}
  0x00000124588d265c: 0000 e9fb 

  0x00000124588d2660: ;   {static_stub}
  0x00000124588d2660: ffff ff48 | bb00 0000 | 0000 0000 

  0x00000124588d266c: ;   {runtime_call nmethod}
  0x00000124588d266c: 00e9 fbff 

  0x00000124588d2670: ;   {static_stub}
  0x00000124588d2670: ffff 48bb | 0000 0000 | 0000 0000 

  0x00000124588d267c: ;   {runtime_call nmethod}
  0x00000124588d267c: e9fb ffff 

  0x00000124588d2680: ;   {runtime_call handle_exception_from_callee Runtime1 stub}
  0x00000124588d2680: ffe8 7ad8 

  0x00000124588d2684: ;   {external_word}
  0x00000124588d2684: 1907 48b9 | 90e2 f329 | fc7f 0000 | 4883 e4f0 

  0x00000124588d2694: ;   {runtime_call}
  0x00000124588d2694: 48b8 1079 | b629 fc7f | 0000 ffd0 

  0x00000124588d26a0: ;   {section_word}
  0x00000124588d26a0: f449 baa1 | 268d 5824 | 0100 0041 

  0x00000124588d26ac: ;   {runtime_call DeoptimizationBlob}
  0x00000124588d26ac: 52e9 ee16 | 0f07 f4f4 | f4f4 f4f4 
[/MachCode]


Compiled method (c1) 4371 3445   !   3       org.eclipse.osgi.internal.loader.ModuleClassLoader::defineClass (67 bytes)
 total in heap  [0x0000012458c1d210,0x0000012458c1ddf0] = 3040
 relocation     [0x0000012458c1d370,0x0000012458c1d418] = 168
 main code      [0x0000012458c1d420,0x0000012458c1da20] = 1536
 stub code      [0x0000012458c1da20,0x0000012458c1da90] = 112
 oops           [0x0000012458c1da90,0x0000012458c1da98] = 8
 metadata       [0x0000012458c1da98,0x0000012458c1dad8] = 64
 scopes data    [0x0000012458c1dad8,0x0000012458c1dc28] = 336
 scopes pcs     [0x0000012458c1dc28,0x0000012458c1dd38] = 272
 dependencies   [0x0000012458c1dd38,0x0000012458c1dd50] = 24
 handler table  [0x0000012458c1dd50,0x0000012458c1ddc8] = 120
 nul chk table  [0x0000012458c1ddc8,0x0000012458c1ddf0] = 40

[Constant Pool (empty)]

[MachCode]
[Entry Point]
  # {method} {0x0000012470624c38} 'defineClass' '(Ljava/lang/String;[BLorg/eclipse/osgi/internal/loader/classpath/ClasspathEntry;)Lorg/eclipse/osgi/internal/loader/ModuleClassLoader$DefineClassResult;' in 'org/eclipse/osgi/internal/loader/ModuleClassLoader'
  # this:     rdx:rdx   = 'org/eclipse/osgi/internal/loader/ModuleClassLoader'
  # parm0:    r8:r8     = 'java/lang/String'
  # parm1:    r9:r9     = '[B'
  # parm2:    rdi:rdi   = 'org/eclipse/osgi/internal/loader/classpath/ClasspathEntry'
  #           [sp+0xb0]  (sp of caller)
  0x0000012458c1d420: 448b 5208 | 49bb 0000 | 0000 2401 | 0000 4d03 | d34c 3bd0 

  0x0000012458c1d434: ;   {runtime_call ic_miss_stub}
  0x0000012458c1d434: 0f85 4610 | da06 660f | 1f44 0000 
[Verified Entry Point]
  0x0000012458c1d440: 8984 2400 | 80ff ff55 | 4881 eca0 | 0000 0090 | 4181 7f20 | 0300 0000 

  0x0000012458c1d458: ;   {runtime_call StubRoutines (final stubs)}
  0x0000012458c1d458: 7405 e881 

  0x0000012458c1d45c: ;   {metadata(method data for {method} {0x0000012470624c38} 'defineClass' '(Ljava/lang/String;[BLorg/eclipse/osgi/internal/loader/classpath/ClasspathEntry;)Lorg/eclipse/osgi/internal/loader/ModuleClassLoader$DefineClassResult;' in 'org/eclipse/osgi/internal/loader/ModuleClassLoader')}
  0x0000012458c1d45c: b5d8 0648 | be40 33c6 | 7024 0100 | 008b 9ecc | 0000 0083 | c302 899e | cc00 0000 | 81e3 fe07 
  0x0000012458c1d47c: 0000 85db | 0f84 5304 | 0000 4889 | 7c24 704c | 894c 2468 

  0x0000012458c1d490: ;   {metadata(method data for {method} {0x0000012470624c38} 'defineClass' '(Ljava/lang/String;[BLorg/eclipse/osgi/internal/loader/classpath/ClasspathEntry;)Lorg/eclipse/osgi/internal/loader/ModuleClassLoader$DefineClassResult;' in 'org/eclipse/osgi/internal/loader/ModuleClassLoader')}
  0x0000012458c1d490: 488b f248 | bb40 33c6 | 7024 0100 | 008b 7608 | 49ba 0000 | 0000 2401 | 0000 4903 | f248 3bb3 
  0x0000012458c1d4b0: 2001 0000 | 750d 4883 | 8328 0100 | 0001 e960 | 0000 0048 | 3bb3 3001 | 0000 750d | 4883 8338 
  0x0000012458c1d4d0: 0100 0001 | e94a 0000 | 0048 83bb | 2001 0000 | 0075 1748 | 89b3 2001 | 0000 48c7 | 8328 0100 
  0x0000012458c1d4f0: 0001 0000 | 00e9 2900 | 0000 4883 | bb30 0100 | 0000 7517 | 4889 b330 | 0100 0048 | c783 3801 
  0x0000012458c1d510: 0000 0100 | 0000 e908 | 0000 0048 | 8383 1001 

  0x0000012458c1d520: ;   {metadata(method data for {method} {0x0000012470625a70} 'getClassLoadingLock' '(Ljava/lang/String;)Ljava/lang/Object;' in 'org/eclipse/osgi/internal/loader/ModuleClassLoader')}
  0x0000012458c1d520: 0000 0148 | be88 f989 | 7024 0100 | 008b 9ecc | 0000 0083 | c302 899e | cc00 0000 | 81e3 feff 
  0x0000012458c1d540: 1f00 85db | 0f84 b003 | 0000 8b72 | 5048 3b06 

  0x0000012458c1d550: ;   {metadata(method data for {method} {0x0000012470625a70} 'getClassLoadingLock' '(Ljava/lang/String;)Ljava/lang/Object;' in 'org/eclipse/osgi/internal/loader/ModuleClassLoader')}
  0x0000012458c1d550: 488b de48 | b888 f989 | 7024 0100 | 0048 8380 | 1001 0000 | 0149 8bd8 | 4c8b c348 | 8954 2458 
  0x0000012458c1d570: 488b d648 | 895c 2460 | 0f1f 8000 

  0x0000012458c1d57c: ;   {optimized virtual_call}
  0x0000012458c1d57c: 0000 00e8 

  0x0000012458c1d580: ; ImmutableOopMap {[88]=Oop [96]=Oop [104]=Oop [112]=Oop }
                      ;*invokevirtual getLock {reexecute=0 rethrow=0 return_oop=0}
                      ; - org.eclipse.osgi.internal.loader.ModuleClassLoader::getClassLoadingLock@5 (line 437)
                      ; - org.eclipse.osgi.internal.loader.ModuleClassLoader::defineClass@8 (line 312)
  0x0000012458c1d580: fce0 2200 

  0x0000012458c1d584: ;   {other}
  0x0000012458c1d584: 0f1f 8400 | 7403 0000 | 4889 4424 | 7848 8d94 | 2480 0000 | 0048 8bf0 | 4889 7208 

  0x0000012458c1d5a0: ; implicit exception: dispatches to 0x0000012458c1d920
  0x0000012458c1d5a0: 488b 0648 | 83c8 0148 | 8902 f048 | 0fb1 160f | 8412 0000 | 0048 2bc4 | 4825 07f0 | ffff 4889 
  0x0000012458c1d5c0: 020f 855e | 0300 0049 | ff87 4805 | 0000 488b 

  0x0000012458c1d5d0: ;   {metadata(method data for {method} {0x0000012470624c38} 'defineClass' '(Ljava/lang/String;[BLorg/eclipse/osgi/internal/loader/classpath/ClasspathEntry;)Lorg/eclipse/osgi/internal/loader/ModuleClassLoader$DefineClassResult;' in 'org/eclipse/osgi/internal/loader/ModuleClassLoader')}
  0x0000012458c1d5d0: 5424 5848 | be40 33c6 | 7024 0100 | 0048 8386 | 4801 0000 

  0x0000012458c1d5e4: ;   {metadata(method data for {method} {0x00000124004372b0} 'findLoadedClass' '(Ljava/lang/String;)Ljava/lang/Class;' in 'java/lang/ClassLoader')}
  0x0000012458c1d5e4: 0148 ba18 | d823 7024 | 0100 008b | b2cc 0000 | 0083 c602 | 89b2 cc00 | 0000 81e6 | feff 1f00 
  0x0000012458c1d604: 85f6 0f84 | 2c03 0000 

  0x0000012458c1d60c: ;   {metadata(method data for {method} {0x00000124004372b0} 'findLoadedClass' '(Ljava/lang/String;)Ljava/lang/Class;' in 'java/lang/ClassLoader')}
  0x0000012458c1d60c: 48ba 18d8 | 2370 2401 | 0000 4883 | 8210 0100 | 0001 488b | 5424 600f 

  0x0000012458c1d624: ;   {static_call}
  0x0000012458c1d624: 1f40 00e8 

  0x0000012458c1d628: ; ImmutableOopMap {[88]=Oop [96]=Oop [104]=Oop [112]=Oop [120]=Oop [136]=Oop }
                      ;*invokestatic checkName {reexecute=0 rethrow=0 return_oop=0}
                      ; - java.lang.ClassLoader::findLoadedClass@1
                      ; - org.eclipse.osgi.internal.loader.ModuleClassLoader::defineClass@17 (line 313)
  0x0000012458c1d628: 3423 6007 

  0x0000012458c1d62c: ;   {other}
  0x0000012458c1d62c: 0f1f 8400 | 1c04 0001 

  0x0000012458c1d634: ;   {metadata(method data for {method} {0x00000124004372b0} 'findLoadedClass' '(Ljava/lang/String;)Ljava/lang/Class;' in 'java/lang/ClassLoader')}
  0x0000012458c1d634: 85c0 49b8 | 18d8 2370 | 2401 0000 | 48c7 c220 | 0100 0075 | 0748 c7c2 | 3001 0000 | 498b 3410 
  0x0000012458c1d654: 488d 7601 | 4989 3410 | 0f85 0f00 

  0x0000012458c1d660: ;   {oop(nullptr)}
  0x0000012458c1d660: 0000 48be | 0000 0000 | 0000 0000 | e936 0000 | 0048 8b54 

  0x0000012458c1d674: ;   {metadata(method data for {method} {0x00000124004372b0} 'findLoadedClass' '(Ljava/lang/String;)Ljava/lang/Class;' in 'java/lang/ClassLoader')}
  0x0000012458c1d674: 2458 49b8 | 18d8 2370 | 2401 0000 | 4983 8040 | 0100 0001 | 4c8b 4424 | 6048 8b54 | 2458 0f1f 
  0x0000012458c1d694: ;   {optimized virtual_call}
  0x0000012458c1d694: 4400 00e8 

  0x0000012458c1d698: ; ImmutableOopMap {[88]=Oop [96]=Oop [104]=Oop [112]=Oop [120]=Oop [136]=Oop }
                      ;*invokevirtual findLoadedClass0 {reexecute=0 rethrow=0 return_oop=0}
                      ; - java.lang.ClassLoader::findLoadedClass@11
                      ; - org.eclipse.osgi.internal.loader.ModuleClassLoader::defineClass@17 (line 313)
  0x0000012458c1d698: 245c 4c07 

  0x0000012458c1d69c: ;   {other}
  0x0000012458c1d69c: 0f1f 8400 | 8c04 0002 | 488b f048 

  0x0000012458c1d6a8: ;   {metadata(method data for {method} {0x0000012470624c38} 'defineClass' '(Ljava/lang/String;[BLorg/eclipse/osgi/internal/loader/classpath/ClasspathEntry;)Lorg/eclipse/osgi/internal/loader/ModuleClassLoader$DefineClassResult;' in 'org/eclipse/osgi/internal/loader/ModuleClassLoader')}
  0x0000012458c1d6a8: 85f6 49b8 | 4033 c670 | 2401 0000 | 49c7 c190 | 0100 0074 | 0749 c7c1 | 8001 0000 | 4b8b 3c08 
  0x0000012458c1d6c8: 488d 7f01 | 4b89 3c08 | 0f84 0e00 | 0000 488b | de41 b800 | 0000 00e9 | 6900 0000 | 488b 7c24 
  0x0000012458c1d6e8: 704c 8b4c | 2468 4c8b | 4424 6048 | 8b54 2458 

  0x0000012458c1d6f8: ; implicit exception: dispatches to 0x0000012458c1d959
  0x0000012458c1d6f8: 418b 710c 

  0x0000012458c1d6fc: ; implicit exception: dispatches to 0x0000012458c1d95e
  0x0000012458c1d6fc: 483b 0748 

  0x0000012458c1d700: ;   {metadata(method data for {method} {0x0000012470624c38} 'defineClass' '(Ljava/lang/String;[BLorg/eclipse/osgi/internal/loader/classpath/ClasspathEntry;)Lorg/eclipse/osgi/internal/loader/ModuleClassLoader$DefineClassResult;' in 'org/eclipse/osgi/internal/loader/ModuleClassLoader')}
  0x0000012458c1d700: 8bcf 48bb | 4033 c670 | 2401 0000 | 4883 83b8 | 0100 0001 | 8b4f 1048 

  0x0000012458c1d718: ;   {metadata(method data for {method} {0x0000012470624c38} 'defineClass' '(Ljava/lang/String;[BLorg/eclipse/osgi/internal/loader/classpath/ClasspathEntry;)Lorg/eclipse/osgi/internal/loader/ModuleClassLoader$DefineClassResult;' in 'org/eclipse/osgi/internal/loader/ModuleClassLoader')}
  0x0000012458c1d718: 8bfa 48bb | 4033 c670 | 2401 0000 | 4883 83d8 | 0100 0001 | bf00 0000 | 0066 0f1f 

  0x0000012458c1d734: ;   {optimized virtual_call}
  0x0000012458c1d734: 4400 00e8 

  0x0000012458c1d738: ; ImmutableOopMap {[120]=Oop [136]=Oop }
                      ;*invokevirtual defineClass {reexecute=0 rethrow=0 return_oop=0}
                      ; - org.eclipse.osgi.internal.loader.ModuleClassLoader::defineClass@37 (line 315)
  0x0000012458c1d738: 844a cbff 

  0x0000012458c1d73c: ;   {other}
  0x0000012458c1d73c: 0f1f 8400 | 2c05 0003 | 488b d841 | b801 0000 | 0048 8d84 | 2480 0000 | 0048 8b10 | 4885 d20f 
  0x0000012458c1d75c: 840f 0000 | 0048 8b70 | 08f0 480f | b116 0f85 | f301 0000 | 49ff 8f48 

  0x0000012458c1d774: ;   {metadata(method data for {method} {0x0000012470624c38} 'defineClass' '(Ljava/lang/String;[BLorg/eclipse/osgi/internal/loader/classpath/ClasspathEntry;)Lorg/eclipse/osgi/internal/loader/ModuleClassLoader$DefineClassResult;' in 'org/eclipse/osgi/internal/loader/ModuleClassLoader')}
  0x0000012458c1d774: 0500 0048 | ba40 33c6 | 7024 0100 | 00ff 8210 

  0x0000012458c1d784: ;   {metadata('org/eclipse/osgi/internal/loader/ModuleClassLoader$DefineClassResult')}
  0x0000012458c1d784: 0200 0048 | bad8 2712 | 0124 0100 | 0049 8b87 | b801 0000 | 488d 7818 | 493b bfc8 | 0100 000f 
  0x0000012458c1d7a4: 87d0 0100 | 0049 89bf | b801 0000 | 48c7 0001 | 0000 0048 | 8bca 49ba | 0000 0000 | 2401 0000 
  0x0000012458c1d7c4: 492b ca89 | 4808 4833 | c989 480c | 4833 c948 | 8948 1048 

  0x0000012458c1d7d8: ;   {metadata(method data for {method} {0x0000012470624c38} 'defineClass' '(Ljava/lang/String;[BLorg/eclipse/osgi/internal/loader/classpath/ClasspathEntry;)Lorg/eclipse/osgi/internal/loader/ModuleClassLoader$DefineClassResult;' in 'org/eclipse/osgi/internal/loader/ModuleClassLoader')}
  0x0000012458c1d7d8: 8bf0 48bf | 4033 c670 | 2401 0000 | 4883 8728 | 0200 0001 

  0x0000012458c1d7ec: ;   {metadata(method data for {method} {0x0000012470780c10} '<init>' '(Ljava/lang/Class;Z)V' in 'org/eclipse/osgi/internal/loader/ModuleClassLoader$DefineClassResult')}
  0x0000012458c1d7ec: 48be 08d7 | ab70 2401 | 0000 8bbe | cc00 0000 | 83c7 0289 | becc 0000 | 0081 e7fe | ff1f 0085 
  0x0000012458c1d80c: ff0f 8473 | 0100 0048 

  0x0000012458c1d814: ;   {metadata(method data for {method} {0x0000012470780c10} '<init>' '(Ljava/lang/Class;Z)V' in 'org/eclipse/osgi/internal/loader/ModuleClassLoader$DefineClassResult')}
  0x0000012458c1d814: 8bf0 48bf | 08d7 ab70 | 2401 0000 | 4883 8710 | 0100 0001 

  0x0000012458c1d828: ;   {metadata(method data for {method} {0x0000012400476c60} '<init>' '()V' in 'java/lang/Object')}
  0x0000012458c1d828: 48be 6067 | 0070 2401 | 0000 8bbe | cc00 0000 | 83c7 0289 | becc 0000 | 0081 e7fe | ff1f 0085 
  0x0000012458c1d848: ff0f 8458 | 0100 004c | 8bd3 4489 | 5010 488d | 3048 c1ee | 0948 bf00 | 0030 6724 | 0100 00c6 
  0x0000012458c1d868: 043e 0041 | 83e0 0144 | 8840 0c48 | 81c4 a000 

  0x0000012458c1d878: ;   {poll_return}
  0x0000012458c1d878: 0000 5d49 | 3ba7 4804 | 0000 0f87 | 4001 0000 | c349 8b87 | f804 0000 | 4d33 d24d | 8997 f804 
  0x0000012458c1d898: 0000 4d33 | d24d 8997 | 0005 0000 | 488b f048 | 8d84 2480 | 0000 0048 | 8b38 4885 | ff0f 840f 
  0x0000012458c1d8b8: 0000 0048 | 8b58 08f0 | 480f b13b | 0f85 1401 | 0000 49ff | 8f48 0500 | 0048 8bc6 | e938 0100 
  0x0000012458c1d8d8: ;   {metadata({method} {0x0000012470624c38} 'defineClass' '(Ljava/lang/String;[BLorg/eclipse/osgi/internal/loader/classpath/ClasspathEntry;)Lorg/eclipse/osgi/internal/loader/ModuleClassLoader$DefineClassResult;' in 'org/eclipse/osgi/internal/loader/ModuleClassLoader')}
  0x0000012458c1d8d8: 0049 ba30 | 4c62 7024 | 0100 004c | 8954 2408 | 48c7 0424 | ffff ffff 

  0x0000012458c1d8f0: ;   {runtime_call counter_overflow Runtime1 stub}
  0x0000012458c1d8f0: e80b 68e5 

  0x0000012458c1d8f4: ; ImmutableOopMap {rdx=Oop r8=Oop r9=Oop rdi=Oop }
                      ;*synchronization entry
                      ; - org.eclipse.osgi.internal.loader.ModuleClassLoader::defineClass@-1 (line 310)
  0x0000012458c1d8f4: 06e9 8cfb 

  0x0000012458c1d8f8: ;   {metadata({method} {0x0000012470625a70} 'getClassLoadingLock' '(Ljava/lang/String;)Ljava/lang/Object;' in 'org/eclipse/osgi/internal/loader/ModuleClassLoader')}
  0x0000012458c1d8f8: ffff 49ba | 685a 6270 | 2401 0000 | 4c89 5424 | 0848 c704 | 24ff ffff 

  0x0000012458c1d910: ;   {runtime_call counter_overflow Runtime1 stub}
  0x0000012458c1d910: ffe8 ea67 

  0x0000012458c1d914: ; ImmutableOopMap {rdx=Oop r8=Oop [104]=Oop [112]=Oop }
                      ;*synchronization entry
                      ; - org.eclipse.osgi.internal.loader.ModuleClassLoader::getClassLoadingLock@-1 (line 437)
                      ; - org.eclipse.osgi.internal.loader.ModuleClassLoader::defineClass@8 (line 312)
  0x0000012458c1d914: e506 e92f 

  0x0000012458c1d918: ;   {runtime_call throw_null_pointer_exception Runtime1 stub}
  0x0000012458c1d918: fcff ffe8 

  0x0000012458c1d91c: ; ImmutableOopMap {rdx=Oop r8=Oop rsi=Oop [104]=Oop [112]=Oop }
                      ;*invokevirtual getLock {reexecute=0 rethrow=0 return_oop=0}
                      ; - org.eclipse.osgi.internal.loader.ModuleClassLoader::getClassLoadingLock@5 (line 437)
                      ; - org.eclipse.osgi.internal.loader.ModuleClassLoader::defineClass@8 (line 312)
  0x0000012458c1d91c: e0fe e406 

  0x0000012458c1d920: ;   {runtime_call throw_null_pointer_exception Runtime1 stub}
  0x0000012458c1d920: e8db fee4 

  0x0000012458c1d924: ; ImmutableOopMap {rsi=Oop [88]=Oop [96]=Oop [104]=Oop [112]=Oop [120]=Oop }
                      ;*monitorenter {reexecute=0 rethrow=0 return_oop=0}
                      ; - org.eclipse.osgi.internal.loader.ModuleClassLoader::defineClass@14 (line 312)
  0x0000012458c1d924: 0648 8974 | 2408 4889 

  0x0000012458c1d92c: ;   {runtime_call monitorenter_nofpu Runtime1 stub}
  0x0000012458c1d92c: 1424 e8cd 

  0x0000012458c1d930: ; ImmutableOopMap {rsi=Oop [88]=Oop [96]=Oop [104]=Oop [112]=Oop [120]=Oop [136]=Oop }
                      ;*monitorenter {reexecute=0 rethrow=0 return_oop=0}
                      ; - org.eclipse.osgi.internal.loader.ModuleClassLoader::defineClass@14 (line 312)
  0x0000012458c1d930: 3ae5 06e9 | 96fc ffff 

  0x0000012458c1d938: ;   {metadata({method} {0x00000124004372b0} 'findLoadedClass' '(Ljava/lang/String;)Ljava/lang/Class;' in 'java/lang/ClassLoader')}
  0x0000012458c1d938: 49ba a872 | 4300 2401 | 0000 4c89 | 5424 0848 | c704 24ff 

  0x0000012458c1d94c: ;   {runtime_call counter_overflow Runtime1 stub}
  0x0000012458c1d94c: ffff ffe8 

  0x0000012458c1d950: ; ImmutableOopMap {[88]=Oop [96]=Oop [104]=Oop [112]=Oop [120]=Oop [136]=Oop }
                      ;*synchronization entry
                      ; - java.lang.ClassLoader::findLoadedClass@-1
                      ; - org.eclipse.osgi.internal.loader.ModuleClassLoader::defineClass@17 (line 313)
  0x0000012458c1d950: ac67 e506 | e9b3 fcff 

  0x0000012458c1d958: ;   {runtime_call throw_null_pointer_exception Runtime1 stub}
  0x0000012458c1d958: ffe8 a2fe 

  0x0000012458c1d95c: ; ImmutableOopMap {rdx=Oop r8=Oop r9=Oop rdi=Oop [120]=Oop [136]=Oop }
                      ;*arraylength {reexecute=0 rethrow=0 return_oop=0}
                      ; - org.eclipse.osgi.internal.loader.ModuleClassLoader::defineClass@32 (line 315)
                      ;   {runtime_call throw_null_pointer_exception Runtime1 stub}
  0x0000012458c1d95c: e406 e89d 

  0x0000012458c1d960: ; ImmutableOopMap {rdx=Oop r8=Oop r9=Oop rdi=Oop [120]=Oop [136]=Oop }
                      ;*invokevirtual getDomain {reexecute=0 rethrow=0 return_oop=0}
                      ; - org.eclipse.osgi.internal.loader.ModuleClassLoader::defineClass@34 (line 315)
  0x0000012458c1d960: fee4 0648 | 8d84 2480 | 0000 0048 

  0x0000012458c1d96c: ;   {runtime_call monitorexit_nofpu Runtime1 stub}
  0x0000012458c1d96c: 8904 24e8 | 8c46 e506 | e9fe fdff | ff48 8bd2 

  0x0000012458c1d97c: ;   {runtime_call fast_new_instance Runtime1 stub}
  0x0000012458c1d97c: e87f 07e5 

  0x0000012458c1d980: ; ImmutableOopMap {rbx=Oop }
                      ;*new {reexecute=0 rethrow=0 return_oop=0}
                      ; - org.eclipse.osgi.internal.loader.ModuleClassLoader::defineClass@55 (line 319)
  0x0000012458c1d980: 06e9 51fe 

  0x0000012458c1d984: ;   {metadata({method} {0x0000012470780c10} '<init>' '(Ljava/lang/Class;Z)V' in 'org/eclipse/osgi/internal/loader/ModuleClassLoader$DefineClassResult')}
  0x0000012458c1d984: ffff 49ba | 080c 7870 | 2401 0000 | 4c89 5424 | 0848 c704 | 24ff ffff 

  0x0000012458c1d99c: ;   {runtime_call counter_overflow Runtime1 stub}
  0x0000012458c1d99c: ffe8 5e67 

  0x0000012458c1d9a0: ; ImmutableOopMap {rbx=Oop rax=Oop }
                      ;*synchronization entry
                      ; - org.eclipse.osgi.internal.loader.ModuleClassLoader$DefineClassResult::<init>@-1 (line 96)
                      ; - org.eclipse.osgi.internal.loader.ModuleClassLoader::defineClass@63 (line 319)
  0x0000012458c1d9a0: e506 e96c 

  0x0000012458c1d9a4: ;   {metadata({method} {0x0000012400476c60} '<init>' '()V' in 'java/lang/Object')}
  0x0000012458c1d9a4: feff ff49 | ba58 6c47 | 0024 0100 | 004c 8954 | 2408 48c7 | 0424 ffff 

  0x0000012458c1d9bc: ;   {runtime_call counter_overflow Runtime1 stub}
  0x0000012458c1d9bc: ffff e83d 

  0x0000012458c1d9c0: ; ImmutableOopMap {rbx=Oop rax=Oop }
                      ;*synchronization entry
                      ; - java.lang.Object::<init>@-1
                      ; - org.eclipse.osgi.internal.loader.ModuleClassLoader$DefineClassResult::<init>@1 (line 96)
                      ; - org.eclipse.osgi.internal.loader.ModuleClassLoader::defineClass@63 (line 319)
  0x0000012458c1d9c0: 67e5 06e9 | 87fe ffff 

  0x0000012458c1d9c8: ;   {internal_word}
  0x0000012458c1d9c8: 49ba 7bd8 | c158 2401 | 0000 4d89 | 9760 0400 

  0x0000012458c1d9d8: ;   {runtime_call SafepointBlob}
  0x0000012458c1d9d8: 00e9 2271 | da06 488d | 8424 8000 | 0000 4889 

  0x0000012458c1d9e8: ;   {runtime_call monitorexit_nofpu Runtime1 stub}
  0x0000012458c1d9e8: 0424 e811 | 46e5 06e9 | ddfe ffff | 498b 87f8 | 0400 0049 | c787 f804 | 0000 0000 | 0000 49c7 
  0x0000012458c1da08: 8700 0500 | 0000 0000 | 0048 81c4 | a000 0000 

  0x0000012458c1da18: ;   {runtime_call unwind_exception Runtime1 stub}
  0x0000012458c1da18: 5de9 e2e8 | e406 f4f4 
[Stub Code]
  0x0000012458c1da20: ;   {no_reloc}
  0x0000012458c1da20: 48bb f093 | 6870 2401 

  0x0000012458c1da28: ;   {runtime_call I2C/C2I adapters}
  0x0000012458c1da28: 0000 e938 

  0x0000012458c1da2c: ;   {static_stub}
  0x0000012458c1da2c: 5dda 0648 | bb00 0000 | 0000 0000 

  0x0000012458c1da38: ;   {runtime_call nmethod}
  0x0000012458c1da38: 00e9 fbff 

  0x0000012458c1da3c: ;   {static_stub}
  0x0000012458c1da3c: ffff 48bb | 0000 0000 | 0000 0000 

  0x0000012458c1da48: ;   {runtime_call nmethod}
  0x0000012458c1da48: e9fb ffff 

  0x0000012458c1da4c: ;   {static_stub}
  0x0000012458c1da4c: ff48 bb00 | 0000 0000 

  0x0000012458c1da54: ;   {runtime_call nmethod}
  0x0000012458c1da54: 0000 00e9 | fbff ffff 
[Exception Handler]
  0x0000012458c1da5c: ;   {runtime_call handle_exception_from_callee Runtime1 stub}
  0x0000012458c1da5c: e89f 24e5 

  0x0000012458c1da60: ;   {external_word}
  0x0000012458c1da60: 0648 b990 | e2f3 29fc | 7f00 0048 

  0x0000012458c1da6c: ;   {runtime_call}
  0x0000012458c1da6c: 83e4 f048 | b810 79b6 | 29fc 7f00 | 00ff d0f4 
[Deopt Handler Code]
  0x0000012458c1da7c: ;   {section_word}
  0x0000012458c1da7c: 49ba 7cda | c158 2401 | 0000 4152 

  0x0000012458c1da88: ;   {runtime_call DeoptimizationBlob}
  0x0000012458c1da88: e913 63da | 06f4 f4f4 
[/MachCode]


---------------  P R O C E S S  ---------------

Threads class SMR info:
_java_thread_list=0x00000124775efc20, length=71, elements={
0x0000012453c19130, 0x000001246dab87b0, 0x000001246c3ec370, 0x000001246daba650,
0x000001246dabb0a0, 0x000001246dabd4d0, 0x000001246daf5ba0, 0x000001246daf91c0,
0x000001246dafd150, 0x000001246dbbfa50, 0x0000012453c88d40, 0x000001246dc9b980,
0x000001246dca49a0, 0x000001246dde5fc0, 0x000001246de205e0, 0x00000124741a1530,
0x000001247412b810, 0x0000012474453b70, 0x0000012474201210, 0x00000124743da740,
0x0000012474d16e70, 0x0000012474b61980, 0x000001247485ec80, 0x000001247485df60,
0x000001247485d8d0, 0x000001247485d240, 0x00000124749f48f0, 0x0000012474cbafd0,
0x000001247485c520, 0x000001247485cbb0, 0x000001247485e5f0, 0x000001247485f310,
0x000001247485f9a0, 0x0000012477701160, 0x00000124776ffdb0, 0x0000012477701e80,
0x0000012477700440, 0x0000012477700ad0, 0x0000012477702510, 0x00000124777017f0,
0x00000124776ff090, 0x0000012477702ba0, 0x00000124776ff720, 0x0000012477704c70,
0x0000012477706020, 0x0000012477703f50, 0x00000124777045e0, 0x00000124777066b0,
0x0000012477703230, 0x00000124766afd10, 0x0000012477c53ef0, 0x00000124758beee0,
0x00000124777038c0, 0x0000012477705300, 0x0000012477705990, 0x0000012477e2f470,
0x0000012477e2bff0, 0x0000012477e2c680, 0x0000012477e2fb00, 0x0000012477e2e0c0,
0x0000012477e2da30, 0x0000012477e2e750, 0x0000012477e2ede0, 0x0000012477e30190,
0x0000012477e2cd10, 0x0000012477e30820, 0x0000012477e2d3a0, 0x0000012477e32260,
0x0000012477e33610, 0x0000012477e32f80, 0x0000012478949b20
}

Java Threads: ( => current thread )
  0x0000012453c19130 JavaThread "main"                              [_thread_blocked, id=2816, stack(0x0000000fe9700000,0x0000000fe9800000) (1024K)]
  0x000001246dab87b0 JavaThread "Reference Handler"          daemon [_thread_blocked, id=8528, stack(0x0000000fe9b00000,0x0000000fe9c00000) (1024K)]
  0x000001246c3ec370 JavaThread "Finalizer"                  daemon [_thread_blocked, id=11444, stack(0x0000000fe9c00000,0x0000000fe9d00000) (1024K)]
  0x000001246daba650 JavaThread "Signal Dispatcher"          daemon [_thread_blocked, id=19872, stack(0x0000000fe9d00000,0x0000000fe9e00000) (1024K)]
  0x000001246dabb0a0 JavaThread "Attach Listener"            daemon [_thread_blocked, id=12568, stack(0x0000000fe9e00000,0x0000000fe9f00000) (1024K)]
  0x000001246dabd4d0 JavaThread "Service Thread"             daemon [_thread_blocked, id=19440, stack(0x0000000fe9f00000,0x0000000fea000000) (1024K)]
  0x000001246daf5ba0 JavaThread "Monitor Deflation Thread"   daemon [_thread_blocked, id=9544, stack(0x0000000fea000000,0x0000000fea100000) (1024K)]
  0x000001246daf91c0 JavaThread "C2 CompilerThread0"         daemon [_thread_blocked, id=864, stack(0x0000000fea100000,0x0000000fea200000) (1024K)]
  0x000001246dafd150 JavaThread "C1 CompilerThread0"         daemon [_thread_blocked, id=18616, stack(0x0000000fea200000,0x0000000fea300000) (1024K)]
  0x000001246dbbfa50 JavaThread "C1 CompilerThread1"         daemon [_thread_blocked, id=15536, stack(0x0000000fea300000,0x0000000fea400000) (1024K)]
  0x0000012453c88d40 JavaThread "Common-Cleaner"             daemon [_thread_blocked, id=2612, stack(0x0000000fea400000,0x0000000fea500000) (1024K)]
  0x000001246dc9b980 JavaThread "C1 CompilerThread2"         daemon [_thread_blocked, id=9888, stack(0x0000000fea500000,0x0000000fea600000) (1024K)]
  0x000001246dca49a0 JavaThread "C2 CompilerThread1"         daemon [_thread_blocked, id=6588, stack(0x0000000fea600000,0x0000000fea700000) (1024K)]
  0x000001246dde5fc0 JavaThread "C1 CompilerThread3"         daemon [_thread_blocked, id=11552, stack(0x0000000fea700000,0x0000000fea800000) (1024K)]
  0x000001246de205e0 JavaThread "Notification Thread"        daemon [_thread_blocked, id=13552, stack(0x0000000fea800000,0x0000000fea900000) (1024K)]
  0x00000124741a1530 JavaThread "Active Thread: Equinox Container: 077d9ecc-fb85-43d8-8c22-c4ec4116b61b"        [_thread_blocked, id=17460, stack(0x0000000feb100000,0x0000000feb200000) (1024K)]
  0x000001247412b810 JavaThread "Refresh Thread: Equinox Container: 077d9ecc-fb85-43d8-8c22-c4ec4116b61b" daemon [_thread_blocked, id=19768, stack(0x0000000feb300000,0x0000000feb400000) (1024K)]
  0x0000012474453b70 JavaThread "Framework Event Dispatcher: Equinox Container: 077d9ecc-fb85-43d8-8c22-c4ec4116b61b" daemon [_thread_blocked, id=4088, stack(0x0000000feb400000,0x0000000feb500000) (1024K)]
  0x0000012474201210 JavaThread "Start Level: Equinox Container: 077d9ecc-fb85-43d8-8c22-c4ec4116b61b" daemon [_thread_blocked, id=18348, stack(0x0000000feb500000,0x0000000feb600000) (1024K)]
  0x00000124743da740 JavaThread "Bundle File Closer"         daemon [_thread_blocked, id=4676, stack(0x0000000feb900000,0x0000000feba00000) (1024K)]
  0x0000012474d16e70 JavaThread "SCR Component Actor"        daemon [_thread_blocked, id=6296, stack(0x0000000feba00000,0x0000000febb00000) (1024K)]
  0x0000012474b61980 JavaThread "SCR Component Registry"     daemon [_thread_blocked, id=9592, stack(0x0000000febb00000,0x0000000febc00000) (1024K)]
  0x000001247485ec80 JavaThread "Worker-JM"                         [_thread_blocked, id=14104, stack(0x0000000feb000000,0x0000000feb100000) (1024K)]
  0x000001247485df60 JavaThread "JNA Cleaner"                daemon [_thread_blocked, id=3928, stack(0x0000000fea900000,0x0000000feaa00000) (1024K)]
  0x000001247485d8d0 JavaThread "Worker-0"                          [_thread_blocked, id=18940, stack(0x0000000febe00000,0x0000000febf00000) (1024K)]
=>0x000001247485d240 JavaThread "Worker-1: Repository registry initialization"        [_thread_in_vm, id=1280, stack(0x0000000febf00000,0x0000000fec000000) (1024K)]
  0x00000124749f48f0 JavaThread "C2 CompilerThread2"         daemon [_thread_in_native, id=17124, stack(0x0000000fec000000,0x0000000fec100000) (1024K)]
  0x0000012474cbafd0 JavaThread "C2 CompilerThread3"         daemon [_thread_blocked, id=8096, stack(0x0000000fec100000,0x0000000fec200000) (1024K)]
  0x000001247485c520 JavaThread "Java indexing"              daemon [_thread_blocked, id=18920, stack(0x0000000fec200000,0x0000000fec300000) (1024K)]
  0x000001247485cbb0 JavaThread "Worker-2"                          [_thread_blocked, id=16604, stack(0x0000000fec500000,0x0000000fec600000) (1024K)]
  0x000001247485e5f0 JavaThread "Worker-3"                          [_thread_blocked, id=19360, stack(0x0000000fec600000,0x0000000fec700000) (1024K)]
  0x000001247485f310 JavaThread "Thread-2"                   daemon [_thread_in_native, id=19752, stack(0x0000000fec700000,0x0000000fec800000) (1024K)]
  0x000001247485f9a0 JavaThread "Thread-3"                   daemon [_thread_in_native, id=17152, stack(0x0000000fec800000,0x0000000fec900000) (1024K)]
  0x0000012477701160 JavaThread "Thread-4"                   daemon [_thread_in_native, id=16864, stack(0x0000000fec900000,0x0000000feca00000) (1024K)]
  0x00000124776ffdb0 JavaThread "Thread-5"                   daemon [_thread_in_native, id=4872, stack(0x0000000feca00000,0x0000000fecb00000) (1024K)]
  0x0000012477701e80 JavaThread "Thread-6"                   daemon [_thread_in_native, id=16940, stack(0x0000000fecb00000,0x0000000fecc00000) (1024K)]
  0x0000012477700440 JavaThread "Thread-7"                   daemon [_thread_in_native, id=11496, stack(0x0000000fecc00000,0x0000000fecd00000) (1024K)]
  0x0000012477700ad0 JavaThread "Thread-8"                   daemon [_thread_in_native, id=4572, stack(0x0000000fecd00000,0x0000000fece00000) (1024K)]
  0x0000012477702510 JavaThread "Thread-9"                   daemon [_thread_in_native, id=15792, stack(0x0000000fece00000,0x0000000fecf00000) (1024K)]
  0x00000124777017f0 JavaThread "Thread-10"                  daemon [_thread_in_native, id=14364, stack(0x0000000fecf00000,0x0000000fed000000) (1024K)]
  0x00000124776ff090 JavaThread "Thread-11"                  daemon [_thread_in_native, id=3752, stack(0x0000000fed000000,0x0000000fed100000) (1024K)]
  0x0000012477702ba0 JavaThread "Thread-12"                  daemon [_thread_in_native, id=17088, stack(0x0000000fed100000,0x0000000fed200000) (1024K)]
  0x00000124776ff720 JavaThread "Thread-13"                  daemon [_thread_in_native, id=12132, stack(0x0000000fed200000,0x0000000fed300000) (1024K)]
  0x0000012477704c70 JavaThread "Thread-14"                  daemon [_thread_in_native, id=12608, stack(0x0000000fed300000,0x0000000fed400000) (1024K)]
  0x0000012477706020 JavaThread "Thread-15"                  daemon [_thread_in_native, id=4520, stack(0x0000000fed400000,0x0000000fed500000) (1024K)]
  0x0000012477703f50 JavaThread "Thread-16"                  daemon [_thread_in_native, id=16040, stack(0x0000000fed500000,0x0000000fed600000) (1024K)]
  0x00000124777045e0 JavaThread "Thread-17"                  daemon [_thread_in_native, id=12212, stack(0x0000000fed600000,0x0000000fed700000) (1024K)]
  0x00000124777066b0 JavaThread "Thread-18"                  daemon [_thread_in_native, id=11896, stack(0x0000000fed700000,0x0000000fed800000) (1024K)]
  0x0000012477703230 JavaThread "pool-2-thread-1"                   [_thread_blocked, id=20320, stack(0x0000000fed800000,0x0000000fed900000) (1024K)]
  0x00000124766afd10 JavaThread "C2 CompilerThread4"         daemon [_thread_blocked, id=7500, stack(0x0000000fed900000,0x0000000feda00000) (1024K)]
  0x0000012477c53ef0 JavaThread "C2 CompilerThread5"         daemon [_thread_blocked, id=10164, stack(0x0000000feda00000,0x0000000fedb00000) (1024K)]
  0x00000124758beee0 JavaThread "C2 CompilerThread6"         daemon [_thread_blocked, id=8064, stack(0x0000000fedb00000,0x0000000fedc00000) (1024K)]
  0x00000124777038c0 JavaThread "WorkspaceEventsHandler"            [_thread_blocked, id=19216, stack(0x0000000fedc00000,0x0000000fedd00000) (1024K)]
  0x0000012477705300 JavaThread "pool-1-thread-1"                   [_thread_blocked, id=9928, stack(0x0000000fedd00000,0x0000000fede00000) (1024K)]
  0x0000012477705990 JavaThread "ForkJoinPool.commonPool-worker-1" daemon [_thread_blocked, id=20108, stack(0x0000000fede00000,0x0000000fedf00000) (1024K)]
  0x0000012477e2f470 JavaThread "ForkJoinPool.commonPool-worker-2" daemon [_thread_blocked, id=18532, stack(0x0000000fedf00000,0x0000000fee000000) (1024K)]
  0x0000012477e2bff0 JavaThread "ForkJoinPool.commonPool-worker-3" daemon [_thread_blocked, id=4696, stack(0x0000000fee000000,0x0000000fee100000) (1024K)]
  0x0000012477e2c680 JavaThread "ForkJoinPool.commonPool-worker-4" daemon [_thread_blocked, id=11048, stack(0x0000000fee100000,0x0000000fee200000) (1024K)]
  0x0000012477e2fb00 JavaThread "ForkJoinPool.commonPool-worker-5" daemon [_thread_blocked, id=16868, stack(0x0000000fee200000,0x0000000fee300000) (1024K)]
  0x0000012477e2e0c0 JavaThread "ForkJoinPool.commonPool-worker-6" daemon [_thread_blocked, id=2056, stack(0x0000000fee300000,0x0000000fee400000) (1024K)]
  0x0000012477e2da30 JavaThread "ForkJoinPool.commonPool-worker-7" daemon [_thread_blocked, id=17676, stack(0x0000000fee400000,0x0000000fee500000) (1024K)]
  0x0000012477e2e750 JavaThread "ForkJoinPool.commonPool-worker-8" daemon [_thread_blocked, id=14768, stack(0x0000000fee500000,0x0000000fee600000) (1024K)]
  0x0000012477e2ede0 JavaThread "ForkJoinPool.commonPool-worker-9" daemon [_thread_blocked, id=15964, stack(0x0000000fee600000,0x0000000fee700000) (1024K)]
  0x0000012477e30190 JavaThread "ForkJoinPool.commonPool-worker-10" daemon [_thread_blocked, id=20444, stack(0x0000000fee700000,0x0000000fee800000) (1024K)]
  0x0000012477e2cd10 JavaThread "ForkJoinPool.commonPool-worker-11" daemon [_thread_blocked, id=15936, stack(0x0000000fee800000,0x0000000fee900000) (1024K)]
  0x0000012477e30820 JavaThread "ForkJoinPool.commonPool-worker-12" daemon [_thread_blocked, id=13984, stack(0x0000000fee900000,0x0000000feea00000) (1024K)]
  0x0000012477e2d3a0 JavaThread "ForkJoinPool.commonPool-worker-13" daemon [_thread_blocked, id=20272, stack(0x0000000feea00000,0x0000000feeb00000) (1024K)]
  0x0000012477e32260 JavaThread "ForkJoinPool.commonPool-worker-14" daemon [_thread_blocked, id=11648, stack(0x0000000feeb00000,0x0000000feec00000) (1024K)]
  0x0000012477e33610 JavaThread "ForkJoinPool.commonPool-worker-15" daemon [_thread_blocked, id=18144, stack(0x0000000feec00000,0x0000000feed00000) (1024K)]
  0x0000012477e32f80 JavaThread "Worker-4"                          [_thread_blocked, id=1924, stack(0x0000000feed00000,0x0000000feee00000) (1024K)]
  0x0000012478949b20 JavaThread "C2 CompilerThread7"         daemon [_thread_blocked, id=15272, stack(0x0000000feee00000,0x0000000feef00000) (1024K)]
Total: 71

Other Threads:
  0x0000012453cde9e0 VMThread "VM Thread"                           [id=15632, stack(0x0000000fe9a00000,0x0000000fe9b00000) (1024K)]
  0x000001246c2cca00 WatcherThread "VM Periodic Task Thread"        [id=12956, stack(0x0000000fe9900000,0x0000000fe9a00000) (1024K)]
  0x0000012453c376f0 WorkerThread "GC Thread#0"                     [id=15396, stack(0x0000000fe9800000,0x0000000fe9900000) (1024K)]
  0x000001246f8c4540 WorkerThread "GC Thread#1"                     [id=8212, stack(0x0000000feaa00000,0x0000000feab00000) (1024K)]
  0x000001246f8beb00 WorkerThread "GC Thread#2"                     [id=17592, stack(0x0000000feab00000,0x0000000feac00000) (1024K)]
  0x000001246f1aa930 WorkerThread "GC Thread#3"                     [id=8576, stack(0x0000000feac00000,0x0000000fead00000) (1024K)]
  0x000001246f1aacd0 WorkerThread "GC Thread#4"                     [id=3504, stack(0x0000000fead00000,0x0000000feae00000) (1024K)]
  0x000001246f1ab070 WorkerThread "GC Thread#5"                     [id=16176, stack(0x0000000feae00000,0x0000000feaf00000) (1024K)]
  0x000001246f6890c0 WorkerThread "GC Thread#6"                     [id=1096, stack(0x0000000feaf00000,0x0000000feb000000) (1024K)]
  0x00000124741311f0 WorkerThread "GC Thread#7"                     [id=3756, stack(0x0000000feb200000,0x0000000feb300000) (1024K)]
  0x0000012474272f50 WorkerThread "GC Thread#8"                     [id=2452, stack(0x0000000feb600000,0x0000000feb700000) (1024K)]
  0x0000012474274170 WorkerThread "GC Thread#9"                     [id=9980, stack(0x0000000feb700000,0x0000000feb800000) (1024K)]
  0x0000012474274510 WorkerThread "GC Thread#10"                    [id=8840, stack(0x0000000feb800000,0x0000000feb900000) (1024K)]
  0x00000124742748b0 WorkerThread "GC Thread#11"                    [id=13624, stack(0x0000000febc00000,0x0000000febd00000) (1024K)]
  0x0000012474273690 WorkerThread "GC Thread#12"                    [id=15304, stack(0x0000000febd00000,0x0000000febe00000) (1024K)]
Total: 15

Threads with active compile tasks:
C2 CompilerThread2  4384 5802   !   4       org.eclipse.osgi.internal.loader.classpath.ClasspathManager::defineClass (636 bytes)
Total: 1

VM state: not at safepoint (normal execution)

VM Mutex/Monitor currently owned by a thread: None

Heap address: 0x0000000080000000, size: 2048 MB, Compressed Oops mode: 32-bit

CDS archive(s) mapped at: [0x0000012400000000-0x0000012400ba0000-0x0000012400ba0000), size 12189696, SharedBaseAddress: 0x0000012400000000, ArchiveRelocationMode: 1.
Compressed class space mapped at: 0x0000012401000000-0x0000012441000000, reserved size: 1073741824
Narrow klass base: 0x0000012400000000, Narrow klass shift: 0, Narrow klass range: 0x100000000

GC Precious Log:
 CardTable entry size: 512
 CPUs: 16 total, 16 available
 Memory: 16013M
 Large Page Support: Disabled
 NUMA Support: Disabled
 Compressed Oops: Enabled (32-bit)
 Alignments: Space 512K, Generation 512K, Heap 2M
 Heap Min Capacity: 100M
 Heap Initial Capacity: 100M
 Heap Max Capacity: 2G
 Pre-touch: Disabled
 Parallel Workers: 13

Heap:
 PSYoungGen      total 16896K, used 5726K [0x00000000d5580000, 0x00000000d6b80000, 0x0000000100000000)
  eden space 15872K, 30% used [0x00000000d5580000,0x00000000d5a47ad0,0x00000000d6500000)
  from space 1024K, 81% used [0x00000000d6a80000,0x00000000d6b50000,0x00000000d6b80000)
  to   space 1024K, 0% used [0x00000000d6980000,0x00000000d6980000,0x00000000d6a80000)
 ParOldGen       total 68608K, used 33630K [0x0000000080000000, 0x0000000084300000, 0x00000000d5580000)
  object space 68608K, 49% used [0x0000000080000000,0x00000000820d7850,0x0000000084300000)
 Metaspace       used 42484K, committed 43712K, reserved 1114112K
  class space    used 4528K, committed 5056K, reserved 1048576K

Card table byte_map: [0x0000012467700000,0x0000012467b10000] _byte_map_base: 0x0000012467300000

Marking Bits: (ParMarkBitMap*) 0x00007ffc2a1fa340
 Begin Bits: [0x0000012467dc0000, 0x0000012469dc0000)
 End Bits:   [0x0000012469dc0000, 0x000001246bdc0000)

Polling page: 0x0000012453920000

Metaspace:

Usage:
  Non-class:     37.07 MB used.
      Class:      4.42 MB used.
       Both:     41.49 MB used.

Virtual space:
  Non-class space:       64.00 MB reserved,      37.75 MB ( 59%) committed,  1 nodes.
      Class space:        1.00 GB reserved,       4.94 MB ( <1%) committed,  1 nodes.
             Both:        1.06 GB reserved,      42.69 MB (  4%) committed. 

Chunk freelists:
   Non-Class:  9.64 MB
       Class:  10.89 MB
        Both:  20.53 MB

MaxMetaspaceSize: unlimited
CompressedClassSpaceSize: 1.00 GB
Initial GC threshold: 21.00 MB
Current GC threshold: 58.38 MB
CDS: on
 - commit_granule_bytes: 65536.
 - commit_granule_words: 8192.
 - virtual_space_node_default_size: 8388608.
 - enlarge_chunks_in_place: 1.
 - use_allocation_guard: 0.


Internal statistics:

num_allocs_failed_limit: 6.
num_arena_births: 942.
num_arena_deaths: 14.
num_vsnodes_births: 2.
num_vsnodes_deaths: 0.
num_space_committed: 683.
num_space_uncommitted: 0.
num_chunks_returned_to_freelist: 20.
num_chunks_taken_from_freelist: 2823.
num_chunk_merges: 10.
num_chunk_splits: 1765.
num_chunks_enlarged: 1027.
num_inconsistent_stats: 0.

CodeHeap 'non-profiled nmethods': size=119168Kb used=3187Kb max_used=3187Kb free=115981Kb
 bounds [0x00000124600c0000, 0x00000124603e0000, 0x0000012467520000]
CodeHeap 'profiled nmethods': size=119104Kb used=12132Kb max_used=12132Kb free=106971Kb
 bounds [0x0000012458520000, 0x0000012459100000, 0x000001245f970000]
CodeHeap 'non-nmethods': size=7488Kb used=3059Kb max_used=3137Kb free=4428Kb
 bounds [0x000001245f970000, 0x000001245fc90000, 0x00000124600c0000]
CodeCache: size=245760Kb, used=18378Kb, max_used=18456Kb, free=227380Kb
 total_blobs=6331, nmethods=5665, adapters=569, full_count=0
Compilation: enabled, stopped_count=0, restarted_count=0

Compilation events (20 events):
Event: 4.308 Thread 0x000001246dde5fc0 nmethod 6273 0x00000124590f7c10 code [0x00000124590f7dc0, 0x00000124590f7fc0]
Event: 4.308 Thread 0x000001246dc9b980 6275       3       com.google.common.collect.SingletonImmutableList::<init> (13 bytes)
Event: 4.308 Thread 0x000001246dbbfa50 6274       3       com.google.common.collect.ImmutableList::of (9 bytes)
Event: 4.308 Thread 0x000001246dc9b980 nmethod 6275 0x00000124590f8090 code [0x00000124590f8260, 0x00000124590f8650]
Event: 4.308 Thread 0x000001246dbbfa50 nmethod 6274 0x00000124590f8810 code [0x00000124590f8a00, 0x00000124590f8e90]
Event: 4.309 Thread 0x0000012474cbafd0 nmethod 6257 0x00000124603dc510 code [0x00000124603dc6c0, 0x00000124603dc928]
Event: 4.309 Thread 0x000001246dafd150 6276       3       com.google.common.collect.ImmutableSet$RegularSetBuilderImpl::add (68 bytes)
Event: 4.309 Thread 0x000001246dc9b980 6277       3       com.google.common.collect.ImmutableSet$SetBuilderImpl::addDedupedElement (28 bytes)
Event: 4.309 Thread 0x000001246dbbfa50 6278       3       com.google.common.collect.ImmutableSet$SetBuilderImpl::ensureCapacity (32 bytes)
Event: 4.309 Thread 0x000001246dde5fc0 6279       3       com.google.common.collect.ImmutableList::of (4 bytes)
Event: 4.309 Thread 0x000001246dbbfa50 nmethod 6278 0x00000124590f9090 code [0x00000124590f9260, 0x00000124590f94d8]
Event: 4.309 Thread 0x000001246dde5fc0 nmethod 6279 0x000001245876fe90 code [0x0000012458770020, 0x0000012458770118]
Event: 4.309 Thread 0x000001246dafd150 nmethod 6276 0x00000124590f9610 code [0x00000124590f9840, 0x00000124590f9d60]
Event: 4.309 Thread 0x000001246dc9b980 nmethod 6277 0x00000124590f9f90 code [0x00000124590fa180, 0x00000124590fa5e0]
Event: 4.310 Thread 0x000001246dde5fc0 6280       3       java.lang.Class::isEnum (27 bytes)
Event: 4.310 Thread 0x000001246dde5fc0 nmethod 6280 0x00000124590fa810 code [0x00000124590fa9c0, 0x00000124590fabb8]
Event: 4.311 Thread 0x000001246dde5fc0 6281       3       com.google.inject.spi.InjectionPoint$InjectableMember::<init> (50 bytes)
Event: 4.311 Thread 0x000001246dafd150 6282       3       com.google.inject.spi.InjectionPoint$InjectableMembers::add (42 bytes)
Event: 4.311 Thread 0x000001246dafd150 nmethod 6282 0x00000124590fac90 code [0x00000124590fae40, 0x00000124590fb038]
Event: 4.311 Thread 0x000001246dde5fc0 nmethod 6281 0x00000124590fb110 code [0x00000124590fb300, 0x00000124590fb768]

GC Heap History (20 events):
Event: 2.790 GC heap before
{Heap before GC invocations=11 (full 1):
 PSYoungGen      total 27648K, used 27390K [0x00000000d5580000, 0x00000000d7480000, 0x0000000100000000)
  eden space 23552K, 100% used [0x00000000d5580000,0x00000000d6c80000,0x00000000d6c80000)
  from space 4096K, 93% used [0x00000000d6e80000,0x00000000d723f8c8,0x00000000d7280000)
  to   space 2048K, 0% used [0x00000000d7280000,0x00000000d7280000,0x00000000d7480000)
 ParOldGen       total 68608K, used 12810K [0x0000000080000000, 0x0000000084300000, 0x00000000d5580000)
  object space 68608K, 18% used [0x0000000080000000,0x0000000080c82ba8,0x0000000084300000)
 Metaspace       used 27771K, committed 28672K, reserved 1114112K
  class space    used 2713K, committed 3072K, reserved 1048576K
}
Event: 2.791 GC heap after
{Heap after GC invocations=11 (full 1):
 PSYoungGen      total 25088K, used 2031K [0x00000000d5580000, 0x00000000d7480000, 0x0000000100000000)
  eden space 23040K, 0% used [0x00000000d5580000,0x00000000d5580000,0x00000000d6c00000)
  from space 2048K, 99% used [0x00000000d7280000,0x00000000d747bee0,0x00000000d7480000)
  to   space 4096K, 0% used [0x00000000d6c80000,0x00000000d6c80000,0x00000000d7080000)
 ParOldGen       total 68608K, used 14646K [0x0000000080000000, 0x0000000084300000, 0x00000000d5580000)
  object space 68608K, 21% used [0x0000000080000000,0x0000000080e4d828,0x0000000084300000)
 Metaspace       used 27771K, committed 28672K, reserved 1114112K
  class space    used 2713K, committed 3072K, reserved 1048576K
}
Event: 3.022 GC heap before
{Heap before GC invocations=12 (full 1):
 PSYoungGen      total 25088K, used 25053K [0x00000000d5580000, 0x00000000d7480000, 0x0000000100000000)
  eden space 23040K, 99% used [0x00000000d5580000,0x00000000d6bfb810,0x00000000d6c00000)
  from space 2048K, 99% used [0x00000000d7280000,0x00000000d747bee0,0x00000000d7480000)
  to   space 4096K, 0% used [0x00000000d6c80000,0x00000000d6c80000,0x00000000d7080000)
 ParOldGen       total 68608K, used 14646K [0x0000000080000000, 0x0000000084300000, 0x00000000d5580000)
  object space 68608K, 21% used [0x0000000080000000,0x0000000080e4d828,0x0000000084300000)
 Metaspace       used 31261K, committed 32384K, reserved 1114112K
  class space    used 3098K, committed 3584K, reserved 1048576K
}
Event: 3.025 GC heap after
{Heap after GC invocations=12 (full 1):
 PSYoungGen      total 25088K, used 2310K [0x00000000d5580000, 0x00000000d7300000, 0x0000000100000000)
  eden space 22528K, 0% used [0x00000000d5580000,0x00000000d5580000,0x00000000d6b80000)
  from space 2560K, 90% used [0x00000000d6c80000,0x00000000d6ec1b38,0x00000000d6f00000)
  to   space 3072K, 0% used [0x00000000d7000000,0x00000000d7000000,0x00000000d7300000)
 ParOldGen       total 68608K, used 16455K [0x0000000080000000, 0x0000000084300000, 0x00000000d5580000)
  object space 68608K, 23% used [0x0000000080000000,0x0000000081011e10,0x0000000084300000)
 Metaspace       used 31261K, committed 32384K, reserved 1114112K
  class space    used 3098K, committed 3584K, reserved 1048576K
}
Event: 3.161 GC heap before
{Heap before GC invocations=13 (full 1):
 PSYoungGen      total 25088K, used 24838K [0x00000000d5580000, 0x00000000d7300000, 0x0000000100000000)
  eden space 22528K, 100% used [0x00000000d5580000,0x00000000d6b80000,0x00000000d6b80000)
  from space 2560K, 90% used [0x00000000d6c80000,0x00000000d6ec1b38,0x00000000d6f00000)
  to   space 3072K, 0% used [0x00000000d7000000,0x00000000d7000000,0x00000000d7300000)
 ParOldGen       total 68608K, used 16455K [0x0000000080000000, 0x0000000084300000, 0x00000000d5580000)
  object space 68608K, 23% used [0x0000000080000000,0x0000000081011e10,0x0000000084300000)
 Metaspace       used 33949K, committed 35136K, reserved 1114112K
  class space    used 3438K, committed 3968K, reserved 1048576K
}
Event: 3.164 GC heap after
{Heap after GC invocations=13 (full 1):
 PSYoungGen      total 24576K, used 2096K [0x00000000d5580000, 0x00000000d7280000, 0x0000000100000000)
  eden space 22016K, 0% used [0x00000000d5580000,0x00000000d5580000,0x00000000d6b00000)
  from space 2560K, 81% used [0x00000000d7000000,0x00000000d720c010,0x00000000d7280000)
  to   space 2560K, 0% used [0x00000000d6d80000,0x00000000d6d80000,0x00000000d7000000)
 ParOldGen       total 68608K, used 18433K [0x0000000080000000, 0x0000000084300000, 0x00000000d5580000)
  object space 68608K, 26% used [0x0000000080000000,0x00000000812005d0,0x0000000084300000)
 Metaspace       used 33949K, committed 35136K, reserved 1114112K
  class space    used 3438K, committed 3968K, reserved 1048576K
}
Event: 3.227 GC heap before
{Heap before GC invocations=14 (full 1):
 PSYoungGen      total 24576K, used 9473K [0x00000000d5580000, 0x00000000d7280000, 0x0000000100000000)
  eden space 22016K, 33% used [0x00000000d5580000,0x00000000d5cb4670,0x00000000d6b00000)
  from space 2560K, 81% used [0x00000000d7000000,0x00000000d720c010,0x00000000d7280000)
  to   space 2560K, 0% used [0x00000000d6d80000,0x00000000d6d80000,0x00000000d7000000)
 ParOldGen       total 68608K, used 18433K [0x0000000080000000, 0x0000000084300000, 0x00000000d5580000)
  object space 68608K, 26% used [0x0000000080000000,0x00000000812005d0,0x0000000084300000)
 Metaspace       used 34710K, committed 35840K, reserved 1114112K
  class space    used 3524K, committed 4096K, reserved 1048576K
}
Event: 3.230 GC heap after
{Heap after GC invocations=14 (full 1):
 PSYoungGen      total 23040K, used 864K [0x00000000d5580000, 0x00000000d7080000, 0x0000000100000000)
  eden space 22016K, 0% used [0x00000000d5580000,0x00000000d5580000,0x00000000d6b00000)
  from space 1024K, 84% used [0x00000000d6d80000,0x00000000d6e58000,0x00000000d6e80000)
  to   space 1536K, 0% used [0x00000000d6f00000,0x00000000d6f00000,0x00000000d7080000)
 ParOldGen       total 68608K, used 20325K [0x0000000080000000, 0x0000000084300000, 0x00000000d5580000)
  object space 68608K, 29% used [0x0000000080000000,0x00000000813d9700,0x0000000084300000)
 Metaspace       used 34710K, committed 35840K, reserved 1114112K
  class space    used 3524K, committed 4096K, reserved 1048576K
}
Event: 3.230 GC heap before
{Heap before GC invocations=15 (full 2):
 PSYoungGen      total 23040K, used 864K [0x00000000d5580000, 0x00000000d7080000, 0x0000000100000000)
  eden space 22016K, 0% used [0x00000000d5580000,0x00000000d5580000,0x00000000d6b00000)
  from space 1024K, 84% used [0x00000000d6d80000,0x00000000d6e58000,0x00000000d6e80000)
  to   space 1536K, 0% used [0x00000000d6f00000,0x00000000d6f00000,0x00000000d7080000)
 ParOldGen       total 68608K, used 20325K [0x0000000080000000, 0x0000000084300000, 0x00000000d5580000)
  object space 68608K, 29% used [0x0000000080000000,0x00000000813d9700,0x0000000084300000)
 Metaspace       used 34710K, committed 35840K, reserved 1114112K
  class space    used 3524K, committed 4096K, reserved 1048576K
}
Event: 3.253 GC heap after
{Heap after GC invocations=15 (full 2):
 PSYoungGen      total 23040K, used 0K [0x00000000d5580000, 0x00000000d7080000, 0x0000000100000000)
  eden space 22016K, 0% used [0x00000000d5580000,0x00000000d5580000,0x00000000d6b00000)
  from space 1024K, 0% used [0x00000000d6d80000,0x00000000d6d80000,0x00000000d6e80000)
  to   space 1536K, 0% used [0x00000000d6f00000,0x00000000d6f00000,0x00000000d7080000)
 ParOldGen       total 68608K, used 20098K [0x0000000080000000, 0x0000000084300000, 0x00000000d5580000)
  object space 68608K, 29% used [0x0000000080000000,0x00000000813a0b18,0x0000000084300000)
 Metaspace       used 34710K, committed 35840K, reserved 1114112K
  class space    used 3524K, committed 4096K, reserved 1048576K
}
Event: 3.448 GC heap before
{Heap before GC invocations=16 (full 2):
 PSYoungGen      total 23040K, used 22016K [0x00000000d5580000, 0x00000000d7080000, 0x0000000100000000)
  eden space 22016K, 100% used [0x00000000d5580000,0x00000000d6b00000,0x00000000d6b00000)
  from space 1024K, 0% used [0x00000000d6d80000,0x00000000d6d80000,0x00000000d6e80000)
  to   space 1536K, 0% used [0x00000000d6f00000,0x00000000d6f00000,0x00000000d7080000)
 ParOldGen       total 68608K, used 20098K [0x0000000080000000, 0x0000000084300000, 0x00000000d5580000)
  object space 68608K, 29% used [0x0000000080000000,0x00000000813a0b18,0x0000000084300000)
 Metaspace       used 36164K, committed 37376K, reserved 1114112K
  class space    used 3679K, committed 4224K, reserved 1048576K
}
Event: 3.454 GC heap after
{Heap after GC invocations=16 (full 2):
 PSYoungGen      total 17408K, used 1536K [0x00000000d5580000, 0x00000000d7f00000, 0x0000000100000000)
  eden space 15872K, 0% used [0x00000000d5580000,0x00000000d5580000,0x00000000d6500000)
  from space 1536K, 100% used [0x00000000d6f00000,0x00000000d7080000,0x00000000d7080000)
  to   space 10240K, 0% used [0x00000000d6500000,0x00000000d6500000,0x00000000d6f00000)
 ParOldGen       total 68608K, used 27206K [0x0000000080000000, 0x0000000084300000, 0x00000000d5580000)
  object space 68608K, 39% used [0x0000000080000000,0x0000000081a918b0,0x0000000084300000)
 Metaspace       used 36164K, committed 37376K, reserved 1114112K
  class space    used 3679K, committed 4224K, reserved 1048576K
}
Event: 3.619 GC heap before
{Heap before GC invocations=17 (full 2):
 PSYoungGen      total 17408K, used 17408K [0x00000000d5580000, 0x00000000d7f00000, 0x0000000100000000)
  eden space 15872K, 100% used [0x00000000d5580000,0x00000000d6500000,0x00000000d6500000)
  from space 1536K, 100% used [0x00000000d6f00000,0x00000000d7080000,0x00000000d7080000)
  to   space 10240K, 0% used [0x00000000d6500000,0x00000000d6500000,0x00000000d6f00000)
 ParOldGen       total 68608K, used 27206K [0x0000000080000000, 0x0000000084300000, 0x00000000d5580000)
  object space 68608K, 39% used [0x0000000080000000,0x0000000081a918b0,0x0000000084300000)
 Metaspace       used 37794K, committed 38912K, reserved 1114112K
  class space    used 3896K, committed 4416K, reserved 1048576K
}
Event: 3.622 GC heap after
{Heap after GC invocations=17 (full 2):
 PSYoungGen      total 20480K, used 4304K [0x00000000d5580000, 0x00000000d7100000, 0x0000000100000000)
  eden space 15872K, 0% used [0x00000000d5580000,0x00000000d5580000,0x00000000d6500000)
  from space 4608K, 93% used [0x00000000d6500000,0x00000000d6934010,0x00000000d6980000)
  to   space 6144K, 0% used [0x00000000d6b00000,0x00000000d6b00000,0x00000000d7100000)
 ParOldGen       total 68608K, used 28711K [0x0000000080000000, 0x0000000084300000, 0x00000000d5580000)
  object space 68608K, 41% used [0x0000000080000000,0x0000000081c09d40,0x0000000084300000)
 Metaspace       used 37794K, committed 38912K, reserved 1114112K
  class space    used 3896K, committed 4416K, reserved 1048576K
}
Event: 3.843 GC heap before
{Heap before GC invocations=18 (full 2):
 PSYoungGen      total 20480K, used 20176K [0x00000000d5580000, 0x00000000d7100000, 0x0000000100000000)
  eden space 15872K, 100% used [0x00000000d5580000,0x00000000d6500000,0x00000000d6500000)
  from space 4608K, 93% used [0x00000000d6500000,0x00000000d6934010,0x00000000d6980000)
  to   space 6144K, 0% used [0x00000000d6b00000,0x00000000d6b00000,0x00000000d7100000)
 ParOldGen       total 68608K, used 28711K [0x0000000080000000, 0x0000000084300000, 0x00000000d5580000)
  object space 68608K, 41% used [0x0000000080000000,0x0000000081c09d40,0x0000000084300000)
 Metaspace       used 38974K, committed 40128K, reserved 1114112K
  class space    used 4082K, committed 4608K, reserved 1048576K
}
Event: 3.849 GC heap after
{Heap after GC invocations=18 (full 2):
 PSYoungGen      total 16896K, used 765K [0x00000000d5580000, 0x00000000d6c00000, 0x0000000100000000)
  eden space 15872K, 0% used [0x00000000d5580000,0x00000000d5580000,0x00000000d6500000)
  from space 1024K, 74% used [0x00000000d6b00000,0x00000000d6bbf660,0x00000000d6c00000)
  to   space 2560K, 0% used [0x00000000d6700000,0x00000000d6700000,0x00000000d6980000)
 ParOldGen       total 68608K, used 32838K [0x0000000080000000, 0x0000000084300000, 0x00000000d5580000)
  object space 68608K, 47% used [0x0000000080000000,0x0000000082011850,0x0000000084300000)
 Metaspace       used 38974K, committed 40128K, reserved 1114112K
  class space    used 4082K, committed 4608K, reserved 1048576K
}
Event: 4.064 GC heap before
{Heap before GC invocations=19 (full 2):
 PSYoungGen      total 16896K, used 16637K [0x00000000d5580000, 0x00000000d6c00000, 0x0000000100000000)
  eden space 15872K, 100% used [0x00000000d5580000,0x00000000d6500000,0x00000000d6500000)
  from space 1024K, 74% used [0x00000000d6b00000,0x00000000d6bbf660,0x00000000d6c00000)
  to   space 2560K, 0% used [0x00000000d6700000,0x00000000d6700000,0x00000000d6980000)
 ParOldGen       total 68608K, used 32838K [0x0000000080000000, 0x0000000084300000, 0x00000000d5580000)
  object space 68608K, 47% used [0x0000000080000000,0x0000000082011850,0x0000000084300000)
 Metaspace       used 40128K, committed 41344K, reserved 1114112K
  class space    used 4227K, committed 4736K, reserved 1048576K
}
Event: 4.066 GC heap after
{Heap after GC invocations=19 (full 2):
 PSYoungGen      total 18432K, used 640K [0x00000000d5580000, 0x00000000d6b80000, 0x0000000100000000)
  eden space 15872K, 0% used [0x00000000d5580000,0x00000000d5580000,0x00000000d6500000)
  from space 2560K, 25% used [0x00000000d6700000,0x00000000d67a0000,0x00000000d6980000)
  to   space 1024K, 0% used [0x00000000d6a80000,0x00000000d6a80000,0x00000000d6b80000)
 ParOldGen       total 68608K, used 33246K [0x0000000080000000, 0x0000000084300000, 0x00000000d5580000)
  object space 68608K, 48% used [0x0000000080000000,0x0000000082077850,0x0000000084300000)
 Metaspace       used 40128K, committed 41344K, reserved 1114112K
  class space    used 4227K, committed 4736K, reserved 1048576K
}
Event: 4.272 GC heap before
{Heap before GC invocations=20 (full 2):
 PSYoungGen      total 18432K, used 16512K [0x00000000d5580000, 0x00000000d6b80000, 0x0000000100000000)
  eden space 15872K, 100% used [0x00000000d5580000,0x00000000d6500000,0x00000000d6500000)
  from space 2560K, 25% used [0x00000000d6700000,0x00000000d67a0000,0x00000000d6980000)
  to   space 1024K, 0% used [0x00000000d6a80000,0x00000000d6a80000,0x00000000d6b80000)
 ParOldGen       total 68608K, used 33246K [0x0000000080000000, 0x0000000084300000, 0x00000000d5580000)
  object space 68608K, 48% used [0x0000000080000000,0x0000000082077850,0x0000000084300000)
 Metaspace       used 41884K, committed 43136K, reserved 1114112K
  class space    used 4458K, committed 4992K, reserved 1048576K
}
Event: 4.273 GC heap after
{Heap after GC invocations=20 (full 2):
 PSYoungGen      total 16896K, used 832K [0x00000000d5580000, 0x00000000d6b80000, 0x0000000100000000)
  eden space 15872K, 0% used [0x00000000d5580000,0x00000000d5580000,0x00000000d6500000)
  from space 1024K, 81% used [0x00000000d6a80000,0x00000000d6b50000,0x00000000d6b80000)
  to   space 1024K, 0% used [0x00000000d6980000,0x00000000d6980000,0x00000000d6a80000)
 ParOldGen       total 68608K, used 33630K [0x0000000080000000, 0x0000000084300000, 0x00000000d5580000)
  object space 68608K, 49% used [0x0000000080000000,0x00000000820d7850,0x0000000084300000)
 Metaspace       used 41884K, committed 43136K, reserved 1114112K
  class space    used 4458K, committed 4992K, reserved 1048576K
}

Dll operation events (10 events):
Event: 0.007 Loaded shared library c:\Users\Amen\.vscode\extensions\redhat.java-1.44.0-win32-x64\jre\21.0.8-win32-x86_64\bin\java.dll
Event: 0.049 Loaded shared library c:\Users\Amen\.vscode\extensions\redhat.java-1.44.0-win32-x64\jre\21.0.8-win32-x86_64\bin\zip.dll
Event: 0.063 Loaded shared library C:\Users\Amen\.vscode\extensions\redhat.java-1.44.0-win32-x64\jre\21.0.8-win32-x86_64\bin\instrument.dll
Event: 0.065 Loaded shared library C:\Users\Amen\.vscode\extensions\redhat.java-1.44.0-win32-x64\jre\21.0.8-win32-x86_64\bin\net.dll
Event: 0.067 Loaded shared library C:\Users\Amen\.vscode\extensions\redhat.java-1.44.0-win32-x64\jre\21.0.8-win32-x86_64\bin\nio.dll
Event: 0.069 Loaded shared library C:\Users\Amen\.vscode\extensions\redhat.java-1.44.0-win32-x64\jre\21.0.8-win32-x86_64\bin\zip.dll
Event: 0.097 Loaded shared library C:\Users\Amen\.vscode\extensions\redhat.java-1.44.0-win32-x64\jre\21.0.8-win32-x86_64\bin\jimage.dll
Event: 0.151 Loaded shared library c:\Users\Amen\.vscode\extensions\redhat.java-1.44.0-win32-x64\jre\21.0.8-win32-x86_64\bin\verify.dll
Event: 0.902 Loaded shared library C:\Users\Amen\AppData\Roaming\Code\User\globalStorage\redhat.java\1.44.0\config_win\org.eclipse.equinox.launcher\org.eclipse.equinox.launcher.win32.win32.x86_64_1.2.1400.v20250730-1736\eclipse_11913.dll
Event: 2.001 Loaded shared library C:\Users\Amen\AppData\Local\Temp\jna-2044405\jna971837828378942005.dll

Deoptimization events (20 events):
Event: 4.088 Thread 0x000001247485d240 Uncommon trap: trap_request=0xffffffde fr.pc=0x0000012460393738 relative=0x0000000000000498
Event: 4.088 Thread 0x000001247485d240 Uncommon trap: reason=class_check action=maybe_recompile pc=0x0000012460393738 method=java.lang.reflect.Executable.declaredAnnotations()Ljava/util/Map; @ 23 c2
Event: 4.088 Thread 0x000001247485d240 DEOPT PACKING pc=0x0000012460393738 sp=0x0000000febffe200
Event: 4.088 Thread 0x000001247485d240 DEOPT UNPACKING pc=0x000001245f9c3aa2 sp=0x0000000febffe1d0 mode 2
Event: 4.222 Thread 0x000001247485d240 Uncommon trap: trap_request=0xffffffd6 fr.pc=0x00000124603b4a68 relative=0x00000000000000c8
Event: 4.222 Thread 0x000001247485d240 Uncommon trap: reason=array_check action=maybe_recompile pc=0x00000124603b4a68 method=java.util.stream.Nodes$FixedNodeBuilder.accept(Ljava/lang/Object;)V @ 28 c2
Event: 4.222 Thread 0x000001247485d240 DEOPT PACKING pc=0x00000124603b4a68 sp=0x0000000febffe4b0
Event: 4.222 Thread 0x000001247485d240 DEOPT UNPACKING pc=0x000001245f9c3aa2 sp=0x0000000febffe430 mode 2
Event: 4.222 Thread 0x000001247485d240 Uncommon trap: trap_request=0xffffffd6 fr.pc=0x00000124603b4a68 relative=0x00000000000000c8
Event: 4.222 Thread 0x000001247485d240 Uncommon trap: reason=array_check action=maybe_recompile pc=0x00000124603b4a68 method=java.util.stream.Nodes$FixedNodeBuilder.accept(Ljava/lang/Object;)V @ 28 c2
Event: 4.222 Thread 0x000001247485d240 DEOPT PACKING pc=0x00000124603b4a68 sp=0x0000000febffe4b0
Event: 4.223 Thread 0x000001247485d240 DEOPT UNPACKING pc=0x000001245f9c3aa2 sp=0x0000000febffe430 mode 2
Event: 4.223 Thread 0x000001247485d240 Uncommon trap: trap_request=0xffffffd6 fr.pc=0x00000124603b4a68 relative=0x00000000000000c8
Event: 4.223 Thread 0x000001247485d240 Uncommon trap: reason=array_check action=maybe_recompile pc=0x00000124603b4a68 method=java.util.stream.Nodes$FixedNodeBuilder.accept(Ljava/lang/Object;)V @ 28 c2
Event: 4.223 Thread 0x000001247485d240 DEOPT PACKING pc=0x00000124603b4a68 sp=0x0000000febffe4b0
Event: 4.223 Thread 0x000001247485d240 DEOPT UNPACKING pc=0x000001245f9c3aa2 sp=0x0000000febffe430 mode 2
Event: 4.223 Thread 0x000001247485d240 Uncommon trap: trap_request=0xffffffd6 fr.pc=0x00000124603b4a68 relative=0x00000000000000c8
Event: 4.223 Thread 0x000001247485d240 Uncommon trap: reason=array_check action=maybe_recompile pc=0x00000124603b4a68 method=java.util.stream.Nodes$FixedNodeBuilder.accept(Ljava/lang/Object;)V @ 28 c2
Event: 4.223 Thread 0x000001247485d240 DEOPT PACKING pc=0x00000124603b4a68 sp=0x0000000febffe4b0
Event: 4.223 Thread 0x000001247485d240 DEOPT UNPACKING pc=0x000001245f9c3aa2 sp=0x0000000febffe430 mode 2

Classes loaded (20 events):
Event: 3.673 Loading class java/lang/annotation/ElementType
Event: 3.674 Loading class java/lang/annotation/ElementType done
Event: 3.682 Loading class jdk/internal/math/FormattedFPDecimal
Event: 3.683 Loading class jdk/internal/math/FormattedFPDecimal done
Event: 3.756 Loading class java/lang/annotation/IncompleteAnnotationException
Event: 3.756 Loading class java/lang/annotation/IncompleteAnnotationException done
Event: 3.783 Loading class java/lang/foreign/MemorySegment
Event: 3.784 Loading class java/lang/foreign/MemorySegment done
Event: 4.080 Loading class sun/reflect/annotation/AnnotatedTypeFactory$AnnotatedParameterizedTypeImpl
Event: 4.080 Loading class java/lang/reflect/AnnotatedParameterizedType
Event: 4.080 Loading class java/lang/reflect/AnnotatedParameterizedType done
Event: 4.080 Loading class sun/reflect/annotation/AnnotatedTypeFactory$AnnotatedParameterizedTypeImpl done
Event: 4.159 Loading class sun/reflect/generics/scope/ConstructorScope
Event: 4.159 Loading class sun/reflect/generics/scope/ConstructorScope done
Event: 4.159 Loading class sun/reflect/generics/tree/VoidDescriptor
Event: 4.159 Loading class sun/reflect/generics/tree/VoidDescriptor done
Event: 4.279 Loading class java/util/concurrent/CompletionService
Event: 4.279 Loading class java/util/concurrent/CompletionService done
Event: 4.296 Loading class java/nio/channels/ServerSocketChannel
Event: 4.296 Loading class java/nio/channels/ServerSocketChannel done

Classes unloaded (7 events):
Event: 2.334 Thread 0x0000012453cde9e0 Unloading class 0x00000124011ab800 'java/lang/invoke/LambdaForm$MH+0x00000124011ab800'
Event: 2.334 Thread 0x0000012453cde9e0 Unloading class 0x00000124011ab400 'java/lang/invoke/LambdaForm$MH+0x00000124011ab400'
Event: 2.334 Thread 0x0000012453cde9e0 Unloading class 0x00000124011ab000 'java/lang/invoke/LambdaForm$MH+0x00000124011ab000'
Event: 2.334 Thread 0x0000012453cde9e0 Unloading class 0x00000124011aac00 'java/lang/invoke/LambdaForm$MH+0x00000124011aac00'
Event: 2.334 Thread 0x0000012453cde9e0 Unloading class 0x00000124011aa800 'java/lang/invoke/LambdaForm$BMH+0x00000124011aa800'
Event: 2.334 Thread 0x0000012453cde9e0 Unloading class 0x00000124011aa400 'java/lang/invoke/LambdaForm$DMH+0x00000124011aa400'
Event: 2.334 Thread 0x0000012453cde9e0 Unloading class 0x00000124011a9000 'java/lang/invoke/LambdaForm$DMH+0x00000124011a9000'

Classes redefined (0 events):
No events

Internal exceptions (20 events):
Event: 3.274 Thread 0x0000012453c19130 Exception <a 'java/lang/IncompatibleClassChangeError'{0x00000000d58c0f20}: Found class java.lang.Object, but interface was expected> (0x00000000d58c0f20) 
thrown [s\src\hotspot\share\interpreter\linkResolver.cpp, line 840]
Event: 3.274 Thread 0x0000012453c19130 Exception <a 'java/lang/IncompatibleClassChangeError'{0x00000000d58c2e20}: Found class java.lang.Object, but interface was expected> (0x00000000d58c2e20) 
thrown [s\src\hotspot\share\interpreter\linkResolver.cpp, line 840]
Event: 3.286 Thread 0x000001247485d8d0 Exception <a 'java/io/FileNotFoundException'{0x00000000d59b70f8}> (0x00000000d59b70f8) 
thrown [s\src\hotspot\share\prims\jni.cpp, line 520]
Event: 3.286 Thread 0x000001247485d8d0 Exception <a 'java/io/FileNotFoundException'{0x00000000d59b8338}> (0x00000000d59b8338) 
thrown [s\src\hotspot\share\prims\jni.cpp, line 520]
Event: 3.287 Thread 0x000001247485d8d0 Exception <a 'java/lang/NoSuchMethodError'{0x00000000d59f4300}: 'java.lang.Object java.lang.invoke.DirectMethodHandle$Holder.newInvokeSpecial(java.lang.Object, java.lang.Object, java.lang.Object, int)'> (0x00000000d59f4300) 
thrown [s\src\hotspot\share\interpreter\linkResolver.cpp, line 773]
Event: 3.288 Thread 0x000001247485d8d0 Exception <a 'java/lang/NoSuchMethodError'{0x00000000d5a076e0}: 'java.lang.Object java.lang.invoke.DirectMethodHandle$Holder.invokeSpecial(java.lang.Object, java.lang.Object, java.lang.Object, java.lang.Object, int)'> (0x00000000d5a076e0) 
thrown [s\src\hotspot\share\interpreter\linkResolver.cpp, line 773]
Event: 3.288 Thread 0x000001247485d8d0 Exception <a 'java/lang/NoSuchMethodError'{0x00000000d5a0ab88}: 'java.lang.Object java.lang.invoke.Invokers$Holder.linkToTargetMethod(java.lang.Object, java.lang.Object, int, java.lang.Object)'> (0x00000000d5a0ab88) 
thrown [s\src\hotspot\share\interpreter\linkResolver.cpp, line 773]
Event: 3.290 Thread 0x000001247485d8d0 Exception <a 'java/lang/NoSuchMethodError'{0x00000000d5a26138}: 'void java.lang.invoke.DirectMethodHandle$Holder.invokeStaticInit(java.lang.Object, java.lang.Object, java.lang.Object)'> (0x00000000d5a26138) 
thrown [s\src\hotspot\share\interpreter\linkResolver.cpp, line 773]
Event: 3.378 Thread 0x000001247485d8d0 Exception <a 'java/io/FileNotFoundException'{0x00000000d60d19d0}> (0x00000000d60d19d0) 
thrown [s\src\hotspot\share\prims\jni.cpp, line 520]
Event: 3.378 Thread 0x000001247485d8d0 Exception <a 'java/io/FileNotFoundException'{0x00000000d60d2ae8}> (0x00000000d60d2ae8) 
thrown [s\src\hotspot\share\prims\jni.cpp, line 520]
Event: 3.455 Thread 0x0000012477705300 Implicit null exception at 0x000001246027e582 to 0x000001246027e67c
Event: 3.491 Thread 0x000001247485d240 Exception <a 'java/lang/NoSuchMethodError'{0x00000000d5b28128}: 'java.lang.Object java.lang.invoke.DirectMethodHandle$Holder.invokeSpecialIFC(java.lang.Object, java.lang.Object, java.lang.Object, java.lang.Object)'> (0x00000000d5b28128) 
thrown [s\src\hotspot\share\interpreter\linkResolver.cpp, line 773]
Event: 3.498 Thread 0x0000012477705300 Exception <a 'java/io/FileNotFoundException'{0x00000000d5b8c780}> (0x00000000d5b8c780) 
thrown [s\src\hotspot\share\prims\jni.cpp, line 520]
Event: 3.531 Thread 0x0000012477705300 Exception <a 'java/lang/NoSuchMethodError'{0x00000000d5e7a3f8}: 'java.lang.Object java.lang.invoke.DirectMethodHandle$Holder.invokeStatic(java.lang.Object, int, java.lang.Object, java.lang.Object)'> (0x00000000d5e7a3f8) 
thrown [s\src\hotspot\share\interpreter\linkResolver.cpp, line 773]
Event: 3.532 Thread 0x0000012477705300 Exception <a 'java/lang/NoSuchMethodError'{0x00000000d5e7dbf8}: 'java.lang.Object java.lang.invoke.DelegatingMethodHandle$Holder.delegate(java.lang.Object, int, java.lang.Object, java.lang.Object)'> (0x00000000d5e7dbf8) 
thrown [s\src\hotspot\share\interpreter\linkResolver.cpp, line 773]
Event: 3.534 Thread 0x0000012477705300 Implicit null exception at 0x000001246028f2f6 to 0x000001246028f618
Event: 3.536 Thread 0x0000012477705300 Exception <a 'java/lang/NoSuchMethodError'{0x00000000d5ed1c08}: 'int java.lang.invoke.Invokers$Holder.linkToTargetMethod(java.lang.Object, java.lang.Object, java.lang.Object)'> (0x00000000d5ed1c08) 
thrown [s\src\hotspot\share\interpreter\linkResolver.cpp, line 773]
Event: 3.677 Thread 0x000001247485e5f0 Exception <a 'java/lang/NoSuchMethodError'{0x00000000d58cc038}: 'int java.lang.invoke.DirectMethodHandle$Holder.invokeSpecialIFC(java.lang.Object, java.lang.Object, java.lang.Object, java.lang.Object)'> (0x00000000d58cc038) 
thrown [s\src\hotspot\share\interpreter\linkResolver.cpp, line 773]
Event: 3.756 Thread 0x000001247485d240 Exception <a 'java/lang/NoClassDefFoundError'{0x00000000d5cb42f0}: javax/enterprise/inject/Typed> (0x00000000d5cb42f0) 
thrown [s\src\hotspot\share\classfile\systemDictionary.cpp, line 301]
Event: 4.207 Thread 0x000001247485d240 Exception <a 'java/lang/ClassFormatError'{0x00000000d5f134a0}: Illegal local variable table length 16670 in method 'java.util.List org.apache.maven.repository.legacy.LegacyRepositorySystem.getEffectiveRepositories(java.util.List)'> (0x00000000d5f134a0) 
thrown [s\src\hotspot\share\classfile\verifier.cpp, line 271]

ZGC Phase Switch (0 events):
No events

VM Operations (20 events):
Event: 3.443 Executing VM operation: HandshakeAllThreads (Deoptimize)
Event: 3.443 Executing VM operation: HandshakeAllThreads (Deoptimize) done
Event: 3.447 Executing VM operation: ParallelGCFailedAllocation (Allocation Failure)
Event: 3.454 Executing VM operation: ParallelGCFailedAllocation (Allocation Failure) done
Event: 3.480 Executing VM operation: HandshakeAllThreads (Deoptimize)
Event: 3.484 Executing VM operation: HandshakeAllThreads (Deoptimize) done
Event: 3.619 Executing VM operation: ParallelGCFailedAllocation (Allocation Failure)
Event: 3.622 Executing VM operation: ParallelGCFailedAllocation (Allocation Failure) done
Event: 3.747 Executing VM operation: HandshakeAllThreads (Deoptimize)
Event: 3.747 Executing VM operation: HandshakeAllThreads (Deoptimize) done
Event: 3.843 Executing VM operation: ParallelGCFailedAllocation (Allocation Failure)
Event: 3.849 Executing VM operation: ParallelGCFailedAllocation (Allocation Failure) done
Event: 4.064 Executing VM operation: ParallelGCFailedAllocation (Allocation Failure)
Event: 4.066 Executing VM operation: ParallelGCFailedAllocation (Allocation Failure) done
Event: 4.143 Executing VM operation: HandshakeAllThreads (Deoptimize)
Event: 4.143 Executing VM operation: HandshakeAllThreads (Deoptimize) done
Event: 4.228 Executing VM operation: HandshakeAllThreads (Deoptimize)
Event: 4.228 Executing VM operation: HandshakeAllThreads (Deoptimize) done
Event: 4.272 Executing VM operation: ParallelGCFailedAllocation (Allocation Failure)
Event: 4.273 Executing VM operation: ParallelGCFailedAllocation (Allocation Failure) done

Memory protections (0 events):
No events

Nmethod flushes (20 events):
Event: 3.242 Thread 0x0000012453cde9e0 flushing  nmethod 0x0000012458c47d90
Event: 3.242 Thread 0x0000012453cde9e0 flushing  nmethod 0x0000012458c4a010
Event: 3.242 Thread 0x0000012453cde9e0 flushing  nmethod 0x0000012458c6c490
Event: 3.242 Thread 0x0000012453cde9e0 flushing  nmethod 0x0000012458c75c10
Event: 3.242 Thread 0x0000012453cde9e0 flushing  nmethod 0x0000012458c76510
Event: 3.242 Thread 0x0000012453cde9e0 flushing  nmethod 0x0000012458c77710
Event: 3.242 Thread 0x0000012453cde9e0 flushing  nmethod 0x0000012458c77f10
Event: 3.242 Thread 0x0000012453cde9e0 flushing  nmethod 0x0000012458c78410
Event: 3.242 Thread 0x0000012453cde9e0 flushing  nmethod 0x0000012458c7a110
Event: 3.242 Thread 0x0000012453cde9e0 flushing  nmethod 0x0000012458c7aa10
Event: 3.242 Thread 0x0000012453cde9e0 flushing  nmethod 0x0000012458c7be10
Event: 3.242 Thread 0x0000012453cde9e0 flushing  nmethod 0x0000012458c7e790
Event: 3.242 Thread 0x0000012453cde9e0 flushing  nmethod 0x0000012458c80210
Event: 3.242 Thread 0x0000012453cde9e0 flushing  nmethod 0x0000012458cc9a10
Event: 3.242 Thread 0x0000012453cde9e0 flushing  nmethod 0x0000012458cd0110
Event: 3.242 Thread 0x0000012453cde9e0 flushing  nmethod 0x0000012458cf0690
Event: 3.242 Thread 0x0000012453cde9e0 flushing  nmethod 0x0000012458cf1710
Event: 3.242 Thread 0x0000012453cde9e0 flushing  nmethod 0x0000012458daab10
Event: 3.242 Thread 0x0000012453cde9e0 flushing  nmethod 0x0000012458dbac10
Event: 3.242 Thread 0x0000012453cde9e0 flushing  nmethod 0x0000012458dbb090

Events (20 events):
Event: 3.152 Thread 0x000001246dafd150 Thread added: 0x00000124758beee0
Event: 3.297 Thread 0x0000012453c19130 Thread added: 0x00000124777038c0
Event: 3.297 Thread 0x0000012453c19130 Thread added: 0x0000012477705300
Event: 3.381 Thread 0x000001247485d8d0 Thread added: 0x0000012477705990
Event: 3.382 Thread 0x000001247485d8d0 Thread added: 0x0000012477e2f470
Event: 3.382 Thread 0x0000012477705990 Thread added: 0x0000012477e2bff0
Event: 3.382 Thread 0x0000012477e2f470 Thread added: 0x0000012477e2c680
Event: 3.382 Thread 0x0000012477e2bff0 Thread added: 0x0000012477e2fb00
Event: 3.383 Thread 0x0000012477e2c680 Thread added: 0x0000012477e2e0c0
Event: 3.383 Thread 0x0000012477e2fb00 Thread added: 0x0000012477e2da30
Event: 3.383 Thread 0x0000012477e2e0c0 Thread added: 0x0000012477e2e750
Event: 3.384 Thread 0x0000012477e2da30 Thread added: 0x0000012477e2ede0
Event: 3.384 Thread 0x0000012477e2ede0 Thread added: 0x0000012477e30190
Event: 3.385 Thread 0x0000012477e2e750 Thread added: 0x0000012477e2cd10
Event: 3.385 Thread 0x0000012477e30190 Thread added: 0x0000012477e30820
Event: 3.386 Thread 0x0000012477e2cd10 Thread added: 0x0000012477e2d3a0
Event: 3.387 Thread 0x0000012477e30820 Thread added: 0x0000012477e32260
Event: 3.387 Thread 0x0000012477e2d3a0 Thread added: 0x0000012477e33610
Event: 3.433 Thread 0x000001247485d240 Thread added: 0x0000012477e32f80
Event: 3.789 Thread 0x000001246dc9b980 Thread added: 0x0000012478949b20


Dynamic libraries:
0x00007ff631ea0000 - 0x00007ff631eae000 	c:\Users\Amen\.vscode\extensions\redhat.java-1.44.0-win32-x64\jre\21.0.8-win32-x86_64\bin\java.exe
0x00007ffcaf300000 - 0x00007ffcaf568000 	C:\WINDOWS\SYSTEM32\ntdll.dll
0x00007ffcae9c0000 - 0x00007ffcaea89000 	C:\WINDOWS\System32\KERNEL32.DLL
0x00007ffcacb70000 - 0x00007ffcacf5d000 	C:\WINDOWS\System32\KERNELBASE.dll
0x00007ffcaca20000 - 0x00007ffcacb6b000 	C:\WINDOWS\System32\ucrtbase.dll
0x00007ffca02c0000 - 0x00007ffca02d8000 	c:\Users\Amen\.vscode\extensions\redhat.java-1.44.0-win32-x64\jre\21.0.8-win32-x86_64\bin\jli.dll
0x00007ffc9b990000 - 0x00007ffc9b9ae000 	c:\Users\Amen\.vscode\extensions\redhat.java-1.44.0-win32-x64\jre\21.0.8-win32-x86_64\bin\VCRUNTIME140.dll
0x00007ffcaedf0000 - 0x00007ffcaefbc000 	C:\WINDOWS\System32\USER32.dll
0x00007ffcac9f0000 - 0x00007ffcaca17000 	C:\WINDOWS\System32\win32u.dll
0x00007ffcaeb40000 - 0x00007ffcaeb6b000 	C:\WINDOWS\System32\GDI32.dll
0x00007ffc93e40000 - 0x00007ffc940da000 	C:\WINDOWS\WinSxS\amd64_microsoft.windows.common-controls_6595b64144ccf1df_6.0.26100.4484_none_3e0e6d4ce32ef3b3\COMCTL32.dll
0x00007ffcacf60000 - 0x00007ffcad097000 	C:\WINDOWS\System32\gdi32full.dll
0x00007ffcaed20000 - 0x00007ffcaedc9000 	C:\WINDOWS\System32\msvcrt.dll
0x00007ffcac660000 - 0x00007ffcac703000 	C:\WINDOWS\System32\msvcp_win.dll
0x00007ffcad0a0000 - 0x00007ffcad0cf000 	C:\WINDOWS\System32\IMM32.DLL
0x00007ffc9b850000 - 0x00007ffc9b85c000 	c:\Users\Amen\.vscode\extensions\redhat.java-1.44.0-win32-x64\jre\21.0.8-win32-x86_64\bin\vcruntime140_1.dll
0x00007ffc5f2d0000 - 0x00007ffc5f35d000 	c:\Users\Amen\.vscode\extensions\redhat.java-1.44.0-win32-x64\jre\21.0.8-win32-x86_64\bin\msvcp140.dll
0x00007ffc29540000 - 0x00007ffc2a2d7000 	c:\Users\Amen\.vscode\extensions\redhat.java-1.44.0-win32-x64\jre\21.0.8-win32-x86_64\bin\server\jvm.dll
0x00007ffcadda0000 - 0x00007ffcade54000 	C:\WINDOWS\System32\ADVAPI32.dll
0x00007ffcaebf0000 - 0x00007ffcaec96000 	C:\WINDOWS\System32\sechost.dll
0x00007ffcae010000 - 0x00007ffcae128000 	C:\WINDOWS\System32\RPCRT4.dll
0x00007ffcadd20000 - 0x00007ffcadd94000 	C:\WINDOWS\System32\WS2_32.dll
0x00007ffca06d0000 - 0x00007ffca0705000 	C:\WINDOWS\SYSTEM32\WINMM.dll
0x00007ffc99840000 - 0x00007ffc9984b000 	C:\WINDOWS\SYSTEM32\VERSION.dll
0x00007ffcac2a0000 - 0x00007ffcac2fe000 	C:\WINDOWS\SYSTEM32\POWRPROF.dll
0x00007ffcac280000 - 0x00007ffcac294000 	C:\WINDOWS\SYSTEM32\UMPDC.dll
0x00007ffcab1f0000 - 0x00007ffcab20b000 	C:\WINDOWS\SYSTEM32\kernel.appcore.dll
0x00007ffc9b7c0000 - 0x00007ffc9b7ca000 	c:\Users\Amen\.vscode\extensions\redhat.java-1.44.0-win32-x64\jre\21.0.8-win32-x86_64\bin\jimage.dll
0x00007ffca9700000 - 0x00007ffca9941000 	C:\WINDOWS\SYSTEM32\DBGHELP.DLL
0x00007ffcae620000 - 0x00007ffcae9a6000 	C:\WINDOWS\System32\combase.dll
0x00007ffcaf180000 - 0x00007ffcaf260000 	C:\WINDOWS\System32\OLEAUT32.dll
0x00007ffc85fc0000 - 0x00007ffc86003000 	C:\WINDOWS\SYSTEM32\dbgcore.DLL
0x00007ffcac950000 - 0x00007ffcac9e9000 	C:\WINDOWS\System32\bcryptPrimitives.dll
0x00007ffc86200000 - 0x00007ffc8620f000 	c:\Users\Amen\.vscode\extensions\redhat.java-1.44.0-win32-x64\jre\21.0.8-win32-x86_64\bin\instrument.dll
0x00007ffc7fb20000 - 0x00007ffc7fb3f000 	c:\Users\Amen\.vscode\extensions\redhat.java-1.44.0-win32-x64\jre\21.0.8-win32-x86_64\bin\java.dll
0x00007ffcad0e0000 - 0x00007ffcad82a000 	C:\WINDOWS\System32\SHELL32.dll
0x00007ffcac7d0000 - 0x00007ffcac944000 	C:\WINDOWS\System32\wintypes.dll
0x00007ffcaa0b0000 - 0x00007ffcaa90b000 	C:\WINDOWS\SYSTEM32\windows.storage.dll
0x00007ffcada40000 - 0x00007ffcadb35000 	C:\WINDOWS\System32\SHCORE.dll
0x00007ffcad830000 - 0x00007ffcad89a000 	C:\WINDOWS\System32\shlwapi.dll
0x00007ffcac360000 - 0x00007ffcac38f000 	C:\WINDOWS\SYSTEM32\profapi.dll
0x00007ffc75be0000 - 0x00007ffc75bf8000 	c:\Users\Amen\.vscode\extensions\redhat.java-1.44.0-win32-x64\jre\21.0.8-win32-x86_64\bin\zip.dll
0x00007ffc861f0000 - 0x00007ffc86200000 	C:\Users\Amen\.vscode\extensions\redhat.java-1.44.0-win32-x64\jre\21.0.8-win32-x86_64\bin\net.dll
0x00007ffca56a0000 - 0x00007ffca57be000 	C:\WINDOWS\SYSTEM32\WINHTTP.dll
0x00007ffcab780000 - 0x00007ffcab7ea000 	C:\WINDOWS\system32\mswsock.dll
0x00007ffc75bc0000 - 0x00007ffc75bd6000 	C:\Users\Amen\.vscode\extensions\redhat.java-1.44.0-win32-x64\jre\21.0.8-win32-x86_64\bin\nio.dll
0x00007ffc856b0000 - 0x00007ffc856c0000 	c:\Users\Amen\.vscode\extensions\redhat.java-1.44.0-win32-x64\jre\21.0.8-win32-x86_64\bin\verify.dll
0x00007ffc5b830000 - 0x00007ffc5b875000 	C:\Users\Amen\AppData\Roaming\Code\User\globalStorage\redhat.java\1.44.0\config_win\org.eclipse.equinox.launcher\org.eclipse.equinox.launcher.win32.win32.x86_64_1.2.1400.v20250730-1736\eclipse_11913.dll
0x00007ffcade60000 - 0x00007ffcadffe000 	C:\WINDOWS\System32\ole32.dll
0x00007ffcaba40000 - 0x00007ffcaba5b000 	C:\WINDOWS\SYSTEM32\CRYPTSP.dll
0x00007ffcab150000 - 0x00007ffcab18b000 	C:\WINDOWS\system32\rsaenh.dll
0x00007ffcab820000 - 0x00007ffcab84b000 	C:\WINDOWS\SYSTEM32\USERENV.dll
0x00007ffcac330000 - 0x00007ffcac356000 	C:\WINDOWS\SYSTEM32\bcrypt.dll
0x00007ffcaba30000 - 0x00007ffcaba3c000 	C:\WINDOWS\SYSTEM32\CRYPTBASE.dll
0x00007ffcaacd0000 - 0x00007ffcaad03000 	C:\WINDOWS\SYSTEM32\IPHLPAPI.DLL
0x00007ffcae9b0000 - 0x00007ffcae9ba000 	C:\WINDOWS\System32\NSI.dll
0x00007ffc5ac30000 - 0x00007ffc5ac79000 	C:\Users\Amen\AppData\Local\Temp\jna-2044405\jna971837828378942005.dll
0x00007ffcad8a0000 - 0x00007ffcad8a8000 	C:\WINDOWS\System32\PSAPI.DLL
0x00007ffca6020000 - 0x00007ffca603f000 	C:\WINDOWS\SYSTEM32\dhcpcsvc6.DLL
0x00007ffca5fe0000 - 0x00007ffca6005000 	C:\WINDOWS\SYSTEM32\dhcpcsvc.DLL

JVMTI agents:
c:\Users\Amen\.vscode\extensions\redhat.java-1.44.0-win32-x64\lombok\lombok-1.18.39-4050.jar path:c:\Users\Amen\.vscode\extensions\redhat.java-1.44.0-win32-x64\jre\21.0.8-win32-x86_64\bin\instrument.dll, loaded, initialized, instrumentlib options:none

dbghelp: loaded successfully - version: 4.0.5 - missing functions: none
symbol engine: initialized successfully - sym options: 0x614 - pdb path: .;c:\Users\Amen\.vscode\extensions\redhat.java-1.44.0-win32-x64\jre\21.0.8-win32-x86_64\bin;C:\WINDOWS\SYSTEM32;C:\WINDOWS\WinSxS\amd64_microsoft.windows.common-controls_6595b64144ccf1df_6.0.26100.4484_none_3e0e6d4ce32ef3b3;c:\Users\Amen\.vscode\extensions\redhat.java-1.44.0-win32-x64\jre\21.0.8-win32-x86_64\bin\server;C:\Users\Amen\AppData\Roaming\Code\User\globalStorage\redhat.java\1.44.0\config_win\org.eclipse.equinox.launcher\org.eclipse.equinox.launcher.win32.win32.x86_64_1.2.1400.v20250730-1736;C:\Users\Amen\AppData\Local\Temp\jna-2044405

VM Arguments:
jvm_args: --add-modules=ALL-SYSTEM --add-opens=java.base/java.util=ALL-UNNAMED --add-opens=java.base/java.lang=ALL-UNNAMED --add-opens=java.base/sun.nio.fs=ALL-UNNAMED -Declipse.application=org.eclipse.jdt.ls.core.id1 -Dosgi.bundles.defaultStartLevel=4 -Declipse.product=org.eclipse.jdt.ls.core.product -Djava.import.generatesMetadataFilesAtProjectRoot=false -DDetectVMInstallationsJob.disabled=true -Dfile.encoding=utf8 -XX:+UseParallelGC -XX:GCTimeRatio=4 -XX:AdaptiveSizePolicyWeight=90 -Dsun.zip.disableMemoryMapping=true -Xmx2G -Xms100m -Xlog:disable -javaagent:c:\Users\Amen\.vscode\extensions\redhat.java-1.44.0-win32-x64\lombok\lombok-1.18.39-4050.jar -XX:+HeapDumpOnOutOfMemoryError -XX:HeapDumpPath=c:\Users\Amen\AppData\Roaming\Code\User\workspaceStorage\7008674b88c08343105e105653bc181d\redhat.java -Daether.dependencyCollector.impl=bf 
java_command: c:\Users\Amen\.vscode\extensions\redhat.java-1.44.0-win32-x64\server\plugins\org.eclipse.equinox.launcher_1.7.0.v20250519-0528.jar -configuration c:\Users\Amen\AppData\Roaming\Code\User\globalStorage\redhat.java\1.44.0\config_win -data c:\Users\Amen\AppData\Roaming\Code\User\workspaceStorage\7008674b88c08343105e105653bc181d\redhat.java\jdt_ws --pipe=\\.\pipe\lsp-da519a0a69f580e84356c2b4df4a46fc-sock
java_class_path (initial): c:\Users\Amen\.vscode\extensions\redhat.java-1.44.0-win32-x64\server\plugins\org.eclipse.equinox.launcher_1.7.0.v20250519-0528.jar
Launcher Type: SUN_STANDARD

[Global flags]
    uintx AdaptiveSizePolicyWeight                 = 90                                        {product} {command line}
     intx CICompilerCount                          = 12                                        {product} {ergonomic}
    uintx GCTimeRatio                              = 4                                         {product} {command line}
     bool HeapDumpOnOutOfMemoryError               = true                                   {manageable} {command line}
    ccstr HeapDumpPath                             = c:\Users\Amen\AppData\Roaming\Code\User\workspaceStorage\7008674b88c08343105e105653bc181d\redhat.java         {manageable} {command line}
   size_t InitialHeapSize                          = 104857600                                 {product} {command line}
   size_t MaxHeapSize                              = 2147483648                                {product} {command line}
   size_t MaxNewSize                               = 715653120                                 {product} {ergonomic}
   size_t MinHeapDeltaBytes                        = 524288                                    {product} {ergonomic}
   size_t MinHeapSize                              = 104857600                                 {product} {command line}
   size_t NewSize                                  = 34603008                                  {product} {ergonomic}
    uintx NonNMethodCodeHeapSize                   = 7602480                                {pd product} {ergonomic}
    uintx NonProfiledCodeHeapSize                  = 122027880                              {pd product} {ergonomic}
   size_t OldSize                                  = 70254592                                  {product} {ergonomic}
    uintx ProfiledCodeHeapSize                     = 122027880                              {pd product} {ergonomic}
    uintx ReservedCodeCacheSize                    = 251658240                              {pd product} {ergonomic}
     bool SegmentedCodeCache                       = true                                      {product} {ergonomic}
   size_t SoftMaxHeapSize                          = 2147483648                             {manageable} {ergonomic}
     bool UseCompressedOops                        = true                           {product lp64_product} {ergonomic}
     bool UseLargePagesIndividualAllocation        = false                                  {pd product} {ergonomic}
     bool UseParallelGC                            = true                                      {product} {command line}

Logging:
Log output configuration:
 #0: stdout all=off uptime,level,tags foldmultilines=false
 #1: stderr all=off uptime,level,tags foldmultilines=false

Environment Variables:
PATH=C:\Program Files\Eclipse Adoptium\jdk-21.0.8.9-hotspot\bin;C:\WINDOWS\system32;C:\WINDOWS;C:\WINDOWS\System32\Wbem;C:\WINDOWS\System32\WindowsPowerShell\v1.0\;C:\WINDOWS\System32\OpenSSH\;C:\Program Files\nodejs\;C:\ProgramData\chocolatey\bin;C:\Program Files\Git\cmd;C:\Program Files\Tesseract-OCR;C:\Users\Amen\AppData\Local\Microsoft\WindowsApps;C:\Users\Amen\AppData\Local\Programs\Microsoft VS Code\bin;C:\Users\Amen\AppData\Roaming\npm;%IntelliJ IDEA%
USERNAME=Amen
OS=Windows_NT
PROCESSOR_IDENTIFIER=Intel64 Family 6 Model 186 Stepping 2, GenuineIntel
TMP=C:\Users\Amen\AppData\Local\Temp
TEMP=C:\Users\Amen\AppData\Local\Temp




Periodic native trim disabled

---------------  S Y S T E M  ---------------

OS:
 Windows 11 , 64 bit Build 26100 (10.0.26100.4484)
OS uptime: 3 days 15:10 hours

CPU: total 16 (initial active 16) (8 cores per cpu, 2 threads per core) family 6 model 186 stepping 2 microcode 0x410e, cx8, cmov, fxsr, ht, mmx, 3dnowpref, sse, sse2, sse3, ssse3, sse4.1, sse4.2, popcnt, lzcnt, tsc, tscinvbit, avx, avx2, aes, erms, clmul, bmi1, bmi2, adx, sha, fma, vzeroupper, clflush, clflushopt, clwb, serialize, rdtscp, rdpid, fsrm, f16c, pku, cet_ibt, cet_ss
Processor Information for processor 0
  Max Mhz: 2600, Current Mhz: 2600, Mhz Limit: 2600
Processor Information for processor 1
  Max Mhz: 2600, Current Mhz: 2600, Mhz Limit: 2600
Processor Information for processor 2
  Max Mhz: 2600, Current Mhz: 2600, Mhz Limit: 2600
Processor Information for processor 3
  Max Mhz: 2600, Current Mhz: 2600, Mhz Limit: 2600
Processor Information for processor 4
  Max Mhz: 2600, Current Mhz: 2600, Mhz Limit: 2600
Processor Information for processor 5
  Max Mhz: 2600, Current Mhz: 2600, Mhz Limit: 2600
Processor Information for processor 6
  Max Mhz: 2600, Current Mhz: 2600, Mhz Limit: 2600
Processor Information for processor 7
  Max Mhz: 2600, Current Mhz: 2600, Mhz Limit: 2600
Processor Information for processor 8
  Max Mhz: 2600, Current Mhz: 2600, Mhz Limit: 2600
Processor Information for processor 9
  Max Mhz: 2600, Current Mhz: 1505, Mhz Limit: 2600
Processor Information for processor 10
  Max Mhz: 2600, Current Mhz: 1505, Mhz Limit: 2600
Processor Information for processor 11
  Max Mhz: 2600, Current Mhz: 2600, Mhz Limit: 2600
Processor Information for processor 12
  Max Mhz: 2600, Current Mhz: 2600, Mhz Limit: 2600
Processor Information for processor 13
  Max Mhz: 2600, Current Mhz: 2600, Mhz Limit: 2600
Processor Information for processor 14
  Max Mhz: 2600, Current Mhz: 2600, Mhz Limit: 2600
Processor Information for processor 15
  Max Mhz: 2600, Current Mhz: 2600, Mhz Limit: 2600

Memory: 4k page, system-wide physical 16013M (9449M free)
TotalPageFile size 18957M (AvailPageFile size 11651M)
current process WorkingSet (physical memory assigned to process): 267M, peak: 287M
current process commit charge ("private bytes"): 391M, peak: 426M

vm_info: OpenJDK 64-Bit Server VM (21.0.8+9-LTS) for windows-amd64 JRE (21.0.8+9-LTS), built on 2025-07-15T00:00:00Z by "admin" with MS VC++ 17.7 (VS2022)

END.
